"ID","Untreated_1","Untreated_3","Untreated_4","RNAi_1","RNAi_3","RNAi_4","padj","log2FoldChange","pvalue","foldChange","log10padj"
"FBtr0070241",1.90026268798884,1.45422393160288,1.48843895239559,18.8571552005173,19.3094065813419,20.1757841897583,7.97739930900051e-05,4.24158400843446,3.47854787629048e-06,18.9166407293069,4.09813866877926
"FBtr0070392",72.8631236299363,59.0273866444986,70.2715045852536,143.176352763,160.980703517029,158.984359231571,1.31941622928125e-06,1.20154918924386,3.90840990383511e-08,2.29986501671588,5.87961817824864
"FBtr0070393",259.26739308151,270.749742707725,270.850708407275,107.850918666832,106.694177357382,106.522223321081,1.6842770508476e-15,-1.33289429668282,1.45100077276466e-17,0.396971049657853,14.7735864687997
"FBtr0070724",48.3498287716683,45.4960869896256,171.767960869639,554.772190434421,476.432632363618,509.630137152159,0.000122661138729625,2.54141365725378,5.59610302003949e-06,5.82159169323041,3.91129300783949
"FBtr0070985",601.093058842663,674.556496645875,568.330147631865,156.268495509608,144.964121893194,156.317696633382,1.0392374529149e-41,-2.02042989571561,1.99720915404455e-44,0.246484717415863,40.9832852101826
"FBtr0071004",24.7847462696149,18.5759399652208,23.2322191767599,72.3954106175052,72.3043159179181,90.6431476774946,2.63677593532188e-06,1.84152717019558,8.24756952599023e-08,3.58389201869187,5.57892677357696
"FBtr0071240",116.221338400447,121.458351807948,130.692816331309,28.8666897485503,20.8966106546379,24.3949712003373,3.81533613923636e-14,-2.36041884201601,3.86843226841062e-16,0.194734601521284,13.4184671937551
"FBtr0071246",50.931951044204,65.7710094269846,76.8307521167166,211.639510356614,185.508985585721,162.8547911693,2.89898772205497e-07,1.53470427898853,7.56925886341721e-09,2.89729036691744,6.5377536239879
"FBtr0071599",112.914022399904,256.551225278456,119.686811921719,548.98237445203,550.543907108508,379.86130791594,0.000800797055861327,1.59295223366539,4.67316240229053e-05,3.01666027281257,3.09647753221397
"FBtr0071613",20.9186472960975,33.9351768858985,34.3219570679329,125.619369877917,65.2456858475144,103.829468487469,0.00118715236986222,1.73271914948656,7.2505220498844e-05,3.32353638810175,2.92549353618985
"FBtr0071835",278.305193771002,341.164811918641,273.480903130828,58.1819873016738,43.6369656909197,43.5607447203434,4.73587860265386e-25,-2.63743660303304,1.91443734103304e-27,0.160713541303667,24.3245994386486
"FBtr0071849",202.086734051856,163.560487257612,236.37477419465,443.200482141076,532.126227606604,439.677156883758,4.25248918315805e-08,1.23009588560375,9.58148656245022e-10,2.34582580351818,7.37135678240693
"FBtr0071934",1136.66986256929,1114.51495059703,1373.13434132031,467.811648424515,452.385668058501,402.332635896492,2.51442392650567e-24,-1.46121731116128,1.03309664309709e-26,0.363186551983797,23.5995614993545
"FBtr0072087",858.740877489447,998.171955274153,852.287445808991,354.952200902256,338.463682888699,270.107744016831,4.24692298932446e-19,-1.50044009433909,2.56110001344285e-21,0.353445555526716,18.3719256141246
"FBtr0072102",93.33619853659,93.7971117932653,66.7316569779964,187.884230050958,217.953303016268,223.714244724406,1.02990339618291e-06,1.30817631826705,3.00303177150749e-08,2.47628320091953,5.98720350973393
"FBtr0072393",742.870972767898,798.779001980962,844.446618483243,218.514945498392,177.979126572673,178.575571592795,2.83805541375658e-45,-2.06043383586065,3.9495800986672e-48,0.239743925090427,44.5469791290851
"FBtr0072410",38.9776793925593,56.9403040827704,39.9907031499452,11.362558134704,7.59271975574922,2.37171817730141,0.0010500991486769,-2.75089610003658,6.31868805168078e-05,0.148558586634216,2.97876969360588
"FBtr0072506",687.421147320665,787.880889291977,801.668283504175,2005.51478785283,2015.21189238283,1919.70856346306,1.0750933027107e-47,1.37916998947742,1.42490828722425e-50,2.60118676696529,46.9685538435679
"FBtr0072561",167.750398356382,141.34851685552,172.097006360649,40.0856750395777,52.66709835105,43.4920090551097,2.32447548468868e-11,-1.84717835495173,3.43510956319136e-13,0.277935427145706,10.6336750297866
"FBtr0072635",103.425877633918,72.6727123608081,51.5797778403025,302.193666848497,402.862207957083,333.582307585846,3.93941687320356e-10,2.18780439616813,6.73538471362834e-12,4.55611573861173,9.40456805926387
"FBtr0072642",0.00213057085848511,4.8031926209246,4.87872380495156,37.1153784267417,28.1927734711056,30.0210677592241,0.000362928002002559,3.56238638027302,1.93369193909912e-05,11.8136787423243,3.44017952216585
"FBtr0072712",15.5644670320682,16.3832698410643,14.7893438516694,45.7966259538354,40.4785293753689,54.6417592033558,0.00118715236986222,1.62071562711785,7.25350884700443e-05,3.07527542830002,2.92549353618985
"FBtr0072864",1365.24590799467,1310.47787359528,1477.83299393033,658.742544935617,624.572538698595,652.106983717749,6.0853441613617e-34,-1.10815106322866,1.57275296416903e-36,0.463888162403251,33.2157148548779
"FBtr0072956",5986.6057655296,7529.08671298057,6346.67325924004,1693.1949577895,1296.84113697779,1179.96936045193,3.80430489356882e-37,-2.25872088497841,8.31955344518032e-40,0.208957162300556,36.4197246840879
"FBtr0072957",2295.91582822339,1324.29747516256,1338.2480478719,4141.29643868253,4296.96027191064,3925.62596636218,3.81220533373529e-07,1.31444535554098,1.02685824124887e-08,2.48706696927601,6.41882371535099
"FBtr0072967",88.053288477805,94.5161787726699,87.3567406857688,33.8342373060895,35.7580473773547,33.9097437751033,7.97959943230099e-06,-1.394576110069,2.74447455623871e-07,0.38035642750081,5.0980189092392
"FBtr0072993",65.2189825334146,72.9468985356671,55.7149978841049,180.911539206356,160.10598394489,198.320159161668,1.21673868218179e-08,1.47277904496158,2.48346927840949e-10,2.7755603163082,7.91480268477121
"FBtr0072994",80.7766925846487,71.1825557310574,111.105110681179,165.916301609127,169.569533829265,201.083939733965,0.0016316002927862,1.02850927926053,0.000103367122591359,2.03991534021256,2.78738622542198
"FBtr0073120",1174.63344895917,977.0768147562,1279.06800144975,2102.59058095266,2573.88031447598,2781.44497596212,2.19810689425267e-10,1.11658496010282,3.59796158303783e-12,2.16833093440895,9.65795119159621
"FBtr0073269",2265.20361281316,2397.34042011542,2192.3725069862,895.498523039552,753.087674031901,767.887525021085,1.66300936970607e-48,-1.50980759457168,1.98370898970903e-51,0.351158048103205,47.7791053038772
"FBtr0073339",766.984935971939,724.99402806138,704.866464235602,270.311006399565,303.078254908823,334.646755846105,1.04981416568958e-20,-1.28121425075907,5.77432576224225e-23,0.411449064908334,19.9788875713666
"FBtr0073421",4368.78021696073,4365.6359728024,4739.75414002266,554.23339615272,465.04598207466,566.025996725106,7.00324189929614e-188,-3.09417939491651,4.64098204062037e-192,0.117100618833613,187.154700872408
"FBtr0073422",103.547233486444,63.3277517906904,71.1438565559452,334.962866922313,386.262391929082,323.166991354263,6.31102051762095e-15,2.13925947807756,5.81333235221545e-17,4.40535865352237,14.1999004078976
"FBtr0073423",1098.44981910095,850.032201900832,1117.88239010077,119.65872630393,194.487633548424,163.20590086184,4.00099088973539e-27,-2.69158348995867,1.35222356114317e-29,0.154793469206256,26.3978324375093
"FBtr0073426",635.161670541017,430.925587049568,428.447424869376,2151.58757138266,2449.99833927934,2580.94279474236,2.51173361106236e-28,2.26116301226654,7.82315968985627e-31,4.79377771085798,27.6000264228092
"FBtr0073492",1.29377928896722,1.82621139057344,3.70625061767774,16.7099129026609,12.8416042045345,16.4901313472651,0.00924580633354658,3.12993824938808,0.000772628349012739,8.75397491213445,2.03405520771309
"FBtr0073527",236.99029963372,196.869957223194,148.186571965618,30.0920246780487,59.7504964964435,90.0225555531237,0.00432849958549276,-1.70910881062203,0.000316103813334197,0.305848941742708,2.36366261973574
"FBtr0073531",138.653932496619,130.091095716296,187.312775507525,81.7761599278166,83.7138428981202,61.0554048118165,0.00416401177897015,-1.01982853637743,0.000302159900462049,0.493174962374502,2.38048805064697
"FBtr0073839",75.1773129163273,76.0280536244432,109.397870088109,220.527598474274,197.318123530005,196.092948642158,6.87226274963874e-06,1.23345943148258,2.32718771707448e-07,2.35130131808225,5.16290024432571
"FBtr0073974",15.245679306744,11.8424340387543,17.3718362776809,52.4463717312131,62.6317584703652,44.7614035900243,0.000252557280033017,1.87094002481591,1.27031792939072e-05,3.65770829794382,3.59764010831339
"FBtr0074337",1883.426290176,2364.62932486483,1562.67984411036,181.22909379969,151.932434598467,149.909638167554,1.64624394174354e-60,-3.59772534363133,1.41823533748615e-63,0.0825993739016489,59.7835058102517
"FBtr0074528",1.53868602865036,3.57683888147831,3.6419462893854,35.7776627426011,16.0263357099353,51.4843890994483,0.000315245380849598,3.85774849866276,1.62949898649892e-05,14.4976634513759,3.50135126823221
"FBtr0074842",593.319977638857,542.407847011257,714.037850195049,325.41815106645,216.432559287618,376.32382850748,0.000944847047062382,-1.01741375736043,5.5914407755249e-05,0.494001128503254,3.02463848989615
"FBtr0074916",396.012367879411,416.930894559537,635.350656689576,112.080228160477,31.0600757635687,24.0962922067809,1.99229851783204e-05,-3.13016761982968,7.48595330545929e-07,0.114215660336996,4.7006455881342
"FBtr0075039",66.5271374027426,76.2703912294903,50.6206186179056,19.3098335864241,20.4243401490742,28.5199738388907,0.00178817761895456,-1.52463744610453,0.000114827310322529,0.34756688866147,2.74758934510351
"FBtr0075077",445.210457191764,426.524421664286,324.842102930037,53.093103738494,93.4041013625263,105.251026845651,2.852491363873e-10,-2.26224107906262,4.82031343795636e-12,0.208447925715238,9.54477566176618
"FBtr0075199",293.814674274679,469.279186862304,392.264550736289,949.159423750675,715.275013347189,716.074978145205,0.000148504274657312,1.03744181164955,7.04632608711965e-06,2.0525847790225,3.828261045112
"FBtr0075204",256.326625325533,313.539298351254,250.44962937109,114.481440512111,104.710310893205,92.2607648086454,2.93540012726529e-10,-1.40966840874812,4.99932294703233e-12,0.376398188851393,9.53233269127523
"FBtr0075354",65.7063666440307,60.4508506127505,65.6165083387642,26.8765055168287,27.1181513635437,28.8824125063251,0.00118226890854578,-1.23645133723825,7.20800129795971e-05,0.424415327031213,2.92728373139465
"FBtr0075541",52.8287546073686,67.7948347604059,80.7744394865425,221.701736015631,180.246224677167,182.771027897712,1.31584972303128e-07,1.53884267441904,3.27000428188687e-09,2.90561322537421,6.88079370660725
"FBtr0075554",192.401860708264,80.2869684482188,165.726987262875,297.821916930431,361.722691478997,398.820786834955,0.00637620843506638,1.27245385488755,0.000501280139969441,2.41572102086256,2.19543749451038
"FBtr0075558",389.579877094034,658.973763969459,624.236820488041,1473.90006685671,1122.60470929845,1007.42292702013,0.000346969624216633,1.1012901300078,1.82797118126059e-05,2.1454646491966,3.45970854426543
"FBtr0075560",660.222649601645,558.257388755086,581.819071592545,238.907524010727,322.013163479424,235.405181813041,8.62298464525608e-09,-1.18155007506546,1.72002543288408e-10,0.440877551440903,8.06434238723654
"FBtr0075699",361.617242532538,259.372062919681,316.698993167953,1411.29983378059,1448.86077904046,1507.80711864213,4.75815955473677e-48,2.2178818718799,5.99105576805823e-51,4.65209923590422,47.322560998915
"FBtr0075753",3644.30467844603,4244.17087009911,3462.40056132786,1277.15704311948,1287.88506733488,1140.42512195377,9.5816837153865e-43,-1.62106343155878,1.58742274940134e-45,0.325095742706338,42.0185581689954
"FBtr0075811",3613.55963293932,4056.08781170618,3347.45573325667,1658.04249360024,1728.95262103772,1719.10372916727,5.12318801100888e-28,-1.115013987251,1.6635931911162e-30,0.461686679187412,27.2904597060707
"FBtr0075928",8.80114055984789,32.5265370414683,33.8401974164783,298.431864659117,226.393836404588,304.524910127806,2.74629822230361e-09,3.49607678001989,5.24144392328324e-11,11.2829841466692,8.56125230421927
"FBtr0076218",124.59433098871,124.186336611845,146.69707529148,49.5322632049451,61.2737892637085,23.3938460594746,0.00279261873046472,-1.56968494468207,0.000191356379542778,0.336881954366037,2.55398835343545
"FBtr0076364",101.807222089853,107.472041173409,118.526773552084,272.456713462995,262.426139765697,314.650663255898,3.81558079034403e-12,1.37262110515193,4.8548145244934e-14,2.58940585301057,11.4184393463477
"FBtr0076453",274.393203663144,282.14701183708,239.513865134291,547.604385368811,512.476007522745,606.622799923355,6.7585995336051e-12,1.0620039992913,9.00250832508035e-14,2.08782964250273,11.170143285987
"FBtr0076454",831.465201708078,700.387482492579,873.059659842263,1886.07540223842,1913.45137631666,2057.5568863856,9.14442403908033e-27,1.28017311951597,3.27235850305062e-29,2.42868118650069,26.0388436433343
"FBtr0076459",346.973758671427,376.380599426385,380.242711048743,53.5079382401128,42.9881876167873,40.2530258684312,2.61178305827608e-49,-3.0250952499178,2.94236659978087e-52,0.122844464087167,48.5830628995663
"FBtr0076496",262.78500228194,224.263317054068,260.20249028214,500.028735222999,493.484987577025,610.066681685422,5.03634335856015e-10,1.09898985260609,8.74434698437878e-12,2.14204657995081,9.29788466902392
"FBtr0076500",49.0560538257215,132.670365494102,67.1680338507443,283.791931823667,303.987353695743,175.365646427594,0.0064548441539213,1.61356924678235,0.000509030122144887,3.06007973876717,2.19011423889858
"FBtr0076541",88.3991760545264,83.0658928971315,87.5115707773803,24.7041080826535,11.4316029224126,39.2362533419231,0.00578655334888827,-1.80860770877006,0.000449426144791058,0.285466288955055,2.23758003856255
"FBtr0076545",444.410277563526,361.910175756319,311.316798809419,670.168223165011,910.78348757204,791.980239183721,3.191832572227e-06,1.08281811328065,1.00683386638837e-07,2.11816960585338,5.49595989766748
"FBtr0076668",19.5696098281846,12.7549241449487,12.9349687514818,117.105998688606,94.0798526699659,154.807419405553,1.74336112424419e-11,3.07922403649433,2.51857339354032e-13,8.45159735170198,10.7586126427111
"FBtr0076771",621.889380065507,747.677604882655,710.82232251277,365.50471931081,379.019988517695,283.759787267315,5.98112654297413e-08,-1.02324570254134,1.37538165037245e-09,0.492008210935097,7.22321700910202
"FBtr0076772",461.70092518894,435.405300647039,461.642750410843,1212.08781402253,1205.88777641798,1240.65413713308,1.45735367630248e-66,1.42458913254354,1.06235191778179e-69,2.68438040764777,65.8364350391518
"FBtr0076797",10.978941573396,30.8691744242987,34.0441293903055,121.812842152946,78.5774131516956,119.457396157276,0.00164085817597374,2.09569602148613,0.00010427985359568,4.27432326213935,2.78492895462867
"FBtr0076935",36.7848388297687,38.1158592554595,33.1650548403942,85.5891774087636,82.7913211409127,94.2285739855609,7.84614019349048e-05,1.29371629995052,3.41611272837856e-06,2.45158757808246,4.10534393623766
"FBtr0077234",2327.75328008906,2637.6737314352,2307.29335484562,1101.58891051206,1095.46858290315,1034.4273555312,3.02320967720637e-36,-1.1760653201801,7.01208341300351e-39,0.442556844411777,35.5195317309248
"FBtr0077236",182.759746554501,238.836315402403,89.0534262976449,458.880120345122,402.542094240999,524.729260236729,0.00251292231545,1.43721667738385,0.000168693857226696,2.70797923711871,2.59982093699154
"FBtr0077247",400.488123763408,394.276517405887,411.157497633436,903.977105413456,852.012178858981,905.607457265153,2.72535558090015e-34,1.13817573843444,6.86305580345962e-37,2.20102531502024,33.5645768266907
"FBtr0077259",114.688782374082,72.1133510920503,108.830091812407,13.2266037953645,43.1965107161075,29.9686741780971,0.00939588091000733,-1.77894368050411,0.000788282652887295,0.291396674767516,2.02706249641278
"FBtr0077409",753.776850949539,782.80238376382,818.938445930377,218.90199073634,249.554601141977,264.3761208797,2.16362029980914e-38,-1.690973031025,4.58819414141104e-41,0.309717964095019,37.6648189525148
"FBtr0077560",198.190464860922,214.902462254911,277.542750879178,136.439491219852,98.200811643331,99.7547467783621,0.000707806250358818,-1.05203671157162,4.085312584836e-05,0.482286819613582,3.15008560659769
"FBtr0077644",827.47074706697,796.576858767241,832.63801038924,2010.93346374565,2204.22705313661,2178.67424925393,2.19710186721227e-65,1.37570687348361,1.74719830394614e-68,2.59495023879409,64.6581498068289
"FBtr0077645",2184.75034489245,2629.25302947205,2264.69195815883,394.61566061638,251.997397585651,258.648638991395,5.60481532400915e-41,-2.97543368144104,1.15141998041275e-43,0.127146734814674,40.2514386926292
"FBtr0077910",301.271949951334,364.734266349475,409.174747062167,197.238321118759,156.393825109012,176.736986323359,7.58577775666385e-06,-1.02600501202207,2.59394388498247e-07,0.491068091624314,5.11999988513289
"FBtr0077972",231.771707270114,173.122906506001,223.661818860922,65.1652641326463,75.0229653630515,115.821934341751,0.000682123262531464,-1.30200076605322,3.91911318094864e-05,0.405563362439336,3.16613713941948
"FBtr0078069",43.8876014466829,46.3402958801255,78.5111146538718,148.273205791858,136.246101810911,132.344022144355,0.00119312539641555,1.30577717833203,7.29791080776375e-05,2.47216867032629,2.92331390996803
"FBtr0078083",1344.22526453258,1157.01894628967,1208.23242322892,461.604794657905,495.407076472133,592.511095808192,3.34553619471772e-17,-1.26380518419515,2.50527229955667e-19,0.416444116602073,16.47553426721
"FBtr0078136",77.0534256181334,66.5475475793367,65.5153163948523,141.366085886745,152.526784122577,161.902614211792,4.86812378443472e-06,1.12685448626952,1.59846457586586e-07,2.18382081490419,5.31263838725926
"FBtr0078144",5341.31914698754,6942.46004857303,5046.06489933021,726.272528458463,352.480781559695,359.845816072629,9.35600972270625e-26,-3.60034826506696,3.596080609125e-28,0.0824493388370468,25.0289093355466
"FBtr0078191",2430.01131840494,2296.09260203993,2189.75701127761,926.23830794758,1075.46691061779,1057.27392050357,4.97080113661805e-31,-1.18191509998762,1.35058215110232e-33,0.440766016478936,30.3035736110306
"FBtr0078204",145.869264656992,120.05766443439,160.224869493974,54.4480592832519,76.2845606049144,76.1620951530316,0.00195159229799284,-1.04781757743371,0.000126872898895359,0.483699322633705,2.70961090451028
"FBtr0078346",422.237222879974,600.066076025508,414.923194028205,1190.17625599646,904.139494778799,885.726650795337,3.66404239572587e-05,1.04633785996119,1.44959132554562e-06,2.06528067556109,4.43603950986137
"FBtr0078687",55.8660485419542,69.5002969004669,83.2072478621723,14.8494823558772,2.27233361595013,1.39987618835588,0.00272644942731752,-3.60834642107782,0.000186229694231738,0.0819935127006962,2.56440255359448
"FBtr0078811",298.249435143585,223.355831686581,236.056476337515,33.5155217822379,117.06872840701,40.902992098116,0.00323295974348891,-1.98761946889821,0.000225385927776695,0.252154614277926,2.49039970314888
"FBtr0078812",127.142452521276,90.1823866933632,142.253560970214,52.6103102682706,56.9347775814775,63.1848734886204,0.0051812706392019,-1.06432893777415,0.000391771358471131,0.478195037051633,2.2855637221228
"FBtr0078841",15.0473544278161,20.443196283224,21.6142376745573,112.647161030245,100.562618559289,110.404152493663,1.43588206784963e-13,2.5168607865883,1.5510190660006e-15,5.72335377622535,12.8428812281894
"FBtr0078937",432.309573949244,551.102018249211,542.089586985613,259.845628677609,189.608300233129,200.487379108542,3.71700009184478e-08,-1.23761388106228,8.35031829778252e-10,0.424073464987058,7.42980742817312
"FBtr0079042",166.798191242684,152.559131811669,194.860312580097,87.0446866881637,78.3314327447914,68.5413426223502,1.29233787468733e-05,-1.14889554958131,4.71031034511618e-07,0.450970338042184,4.88862392757251
"FBtr0079077",113.700789849231,117.342473407832,123.892525072947,40.1449316763672,37.752835196237,36.8006719205025,1.84814588461012e-09,-1.64993728766927,3.45379151398313e-11,0.318654008060084,8.73326375044246
"FBtr0079199",51.8996115518353,61.857060747806,39.29165999857,142.142843065331,157.143568300846,145.37424377662,3.70906290584465e-07,1.53739173449247,9.95474139739619e-09,2.90269247577074,6.43073580095838
"FBtr0079648",242.883492302693,128.511625787182,315.728874380653,68.2886092013248,82.5951593531046,87.8056769306556,0.00187552487889255,-1.53240496084164,0.000121430603490922,0.345700606348343,2.726877170546
"FBtr0079667",952.76830739004,882.423140147608,737.5661445606,350.351941870705,426.508039379912,433.292732856377,1.63719503918123e-09,-1.09252011588422,3.03787018535948e-11,0.468941506453121,8.7858995799683
"FBtr0079708",457.98824452387,475.994857052218,525.111211674646,249.139064392769,202.252183332294,232.591800425597,5.33749609462887e-12,-1.09985248992935,6.96810292009203e-14,0.466564197741099,11.272662429734
"FBtr0080247",102.953746294142,89.9022197297565,101.16379112023,288.426041786739,225.82738234647,210.643130289793,9.5338356348945e-08,1.30320961784295,2.26183774505781e-09,2.46777287114039,7.02073233966235
"FBtr0080261",775.832119663936,907.8369878363,681.544595619241,68.6092540852246,65.7123680193987,63.8162505482755,3.23023341119509e-70,-3.59102749916634,1.71251605629958e-73,0.0829837406332687,69.4907660951514
"FBtr0080514",707.720463508812,772.976374766846,464.958597033272,13.6927800138323,83.1218878957163,78.4276019254982,3.15004268462801e-06,-3.4865378042033,9.89476628571025e-08,0.0892169844491192,5.50168356126665
"FBtr0080565",1251.40437529143,1058.12543272541,1268.8708221112,486.557155882456,498.863421009549,528.057078928579,3.8684923772822e-24,-1.24666466250811,1.66634860519114e-26,0.421421357805739,23.4124582545664
"FBtr0080589",18.4715687052452,21.6932544619458,18.3091466292064,2.15338696924978,1.33277976634353,1.32750666448501,0.0002188261594023,-3.83945732981022,1.08035446490864e-05,0.0698567178143553,3.65990076184054
"FBtr0080592",43.9884788130319,30.391598613406,38.6886954500489,121.571795148894,144.411627423452,138.945889149127,8.90587539715892e-10,1.85753288186422,1.58759475270759e-11,3.62387421923419,9.05032338541239
"FBtr0080838",790.519446569388,913.607289152635,637.009347813409,196.775374418149,228.398684897295,181.485902572708,8.30336994072187e-20,-1.9548545236311,4.7872311785474e-22,0.257946803975893,19.080745612488
"FBtr0080886",6.06656136353449,8.49427422986597,9.53292234177215,30.7375742375642,26.0889168659354,27.8981787010986,0.00644253419407314,1.8446449466988,0.000507205475318681,3.59164546374432,2.19094326773121
"FBtr0080932",307.810297318382,286.436892989812,399.252882747856,105.718655191195,81.5211993601164,104.236357955239,4.07536735654374e-12,-1.78004439907102,5.23937221450952e-14,0.291174435559505,11.3898332375426
"FBtr0080942",2.84527460238194,3.29254431111739,3.34862921084304,24.5853055820586,20.5219915155257,25.0195046171025,0.000247685341999781,3.10181827570611,1.24253017822289e-05,8.58500084189292,3.606099694169
"FBtr0081004",128.065151467718,134.804972321509,141.488314847376,70.246708360618,65.8840146828257,56.1273676912663,3.7912742050109e-05,-1.08024325182259,1.51248977562396e-06,0.472949073020432,4.42121480396275
"FBtr0081008",362.049901657117,277.716392827923,376.226159270652,161.044628151516,168.366814961102,142.806881445384,6.36352581056166e-07,-1.1129389952129,1.80067960312116e-08,0.462351189300483,6.19630219004512
"FBtr0081211",125.200058077001,176.43001731283,111.107045186627,28.1492900762646,6.00696793196188,37.5156395473796,0.00185329190085865,-2.54346944902305,0.000119745500552498,0.171529729519654,2.73205617218235
"FBtr0081257",6.10908885751195,4.45515476396248,12.8246518384505,36.2638800337315,33.8010043880538,30.0920592127357,0.0051094732683188,2.16226823830772,0.000385326744820861,4.47618057688567,2.29162386864285
"FBtr0081353",38.1683195541428,30.7100304767434,31.9774337043853,380.830914849122,539.791180035013,260.168287924742,1.39060833202044e-18,3.56810832937398,8.66250385751633e-21,11.8606266380939,17.8567951728077
"FBtr0081354",538.996996152229,657.869066886318,426.357911572288,231.028020970806,232.834985130094,215.642655356975,7.85446039991647e-08,-1.26298797071286,1.8425970719486e-09,0.416680077871309,7.10488364555568
"FBtr0081484",289.391160037872,259.676579732063,305.788969522598,116.531725865357,117.718471828256,109.452648561508,2.3609091504123e-13,-1.32514252124125,2.61280204187445e-15,0.399109763896985,12.6269207245832
"FBtr0081614",157.554467625855,138.594527896666,106.642809964418,404.186529875641,423.321697325088,513.476573192923,4.12609883605382e-13,1.73116271700352,4.59366868427463e-15,3.31995276820022,12.3844603732027
"FBtr0081619",134.037628044345,79.7173563562277,123.937427064914,433.966442619569,451.613114889057,535.999340190358,1.95750356904402e-14,2.07381947202962,1.91988421615981e-16,4.20999777852402,13.7082974374362
"FBtr0081686",261.781769792157,76.0478625093791,210.768071405655,444.257405771492,581.679292175807,561.935178285931,0.00789992687506195,1.53376742519183,0.000643406900560049,2.89540954229457,2.10237692869741
"FBtr0081958",47.4281952227867,32.2020431067608,49.1588884560212,2.18475854960423,11.1533833515583,4.70303181104088,0.00138701049809772,-2.90679039023438,8.66766666471935e-05,0.133342594597968,2.85792025179719
"FBtr0082017",18.645871607082,25.5368846800632,35.1953656903519,97.7154405159227,81.436095352432,85.9577484299261,3.00778628287842e-05,1.77033801416521,1.16794908933418e-06,3.41133872816313,4.52175302561498
"FBtr0082069",27.7355083567076,41.7972922683155,28.6704514119433,116.430689060777,77.0843468803655,139.028071299932,0.000191573634578434,1.76866884652209,9.34874349724896e-06,3.4073941637479,3.71766426114993
"FBtr0082093",129.761539698043,135.280929733139,234.133716691872,442.604521163844,452.519892440236,414.454864050555,2.0681400940239e-05,1.39255002851743,7.79835462889065e-07,2.62542326290178,4.68442004584851
"FBtr0082117",104.708540271756,122.701345043213,106.196564833779,47.332928685538,58.7706477551287,32.264045035742,0.00127252638481077,-1.28314707033716,7.88477249700513e-05,0.410898203978439,2.89533320415118
"FBtr0082139",267.849173861698,299.19962575548,219.314348315841,66.3436949148749,37.8043932973973,88.7198805735599,1.3965990528723e-06,-2.04544529993409,4.15555317918929e-08,0.242247670916099,5.85492825681918
"FBtr0082158",100.187681129634,64.9821842222626,82.8471681680536,14.772927259433,32.9074429361798,30.0056348237902,0.00268679585231558,-1.70607931735102,0.000183214906032653,0.306491864057018,2.57076533080577
"FBtr0082183",1259.43047020333,1339.97648260039,1261.30959075747,600.672055591957,517.174779106824,730.568459763841,2.28625649615068e-10,-1.06833449784023,3.7573996755823e-12,0.476869197358565,9.64087504751295
"FBtr0082494",53.3839953450263,69.9531599124875,69.7544255237258,21.9872757010834,7.23359630228353,6.35530008803137,0.000893092221145866,-2.50543427911418,5.25557251409893e-05,0.17611207327227,3.04910369333223
"FBtr0082812",30.9912862294452,17.0606887577134,36.4293842827366,0.52639855327327,4.3782241225923,3.45909780981387,0.00295337580772633,-3.57375623883307,0.000203937547491772,0.0839831529010449,2.52968128692002
"FBtr0082889",25.1938803088064,29.3914400362057,14.6969301306944,81.6381443053232,66.4176092107939,111.079432112837,0.000352339896951173,1.91807017543586,1.86560356304829e-05,3.77917198564471,3.45303817701548
"FBtr0083058",9920.25095697926,7486.73274575778,10054.7639514505,1071.582651549,2030.91683612259,2546.54854823339,1.71494356405689e-11,-2.28456447026422,2.46615476077101e-13,0.205247354196472,10.7657501672958
"FBtr0083467",77.3164315939974,88.9825536283141,92.7124633356772,208.351964021665,178.213554256431,208.1378278634,1.10671909392162e-07,1.19396394565531,2.66962061091762e-09,2.2878047712388,6.95596259722507
"FBtr0083764",887.694914007345,902.845821643007,466.968572552547,342.037730343818,313.352957467826,331.86437531888,0.000473186407318254,-1.20013345746253,2.58386745944494e-05,0.435235018081498,3.32496773934306
"FBtr0083967",332.682491274552,329.471562441714,352.69306252538,84.3328916125234,81.776898566508,85.2176519672442,1.39099187174909e-34,-2.02516479606488,3.41064938732381e-37,0.245677084849156,33.8566754077972
"FBtr0084054",42.4653661863862,42.3177224814593,42.714110976078,6.74546124478043,10.117783828236,3.8201839015807,4.99717902195084e-05,-2.73546516401514,2.03993524023971e-06,0.150156083990409,4.30127509185164
"FBtr0084447",140.181853174684,157.10318072454,86.4007930682062,32.4081109501603,32.1727144187738,56.6301033059985,0.00122078915989341,-1.67589299846756,7.50757018145185e-05,0.312972326274906,2.91335933572879
"FBtr0084549",971.755310141908,978.551560596424,1085.55277569068,144.750771499029,113.043525630589,125.305382324928,2.629229263064e-93,-2.99542252232977,5.22709595042545e-97,0.125397238075939,92.5801715427097
"FBtr0084659",445.697677760655,427.565374108455,449.420381989518,198.009749102338,225.330275192554,221.340499551926,3.40060982338311e-14,-1.04398282833428,3.42539889432892e-16,0.484986727687003,13.468443194963
"FBtr0084868",64.1090897062157,30.442563620533,48.2260137359942,135.721841063952,152.57816242502,179.134661214887,5.10046574068423e-05,1.71841288694812,2.09822381609206e-06,3.2907419222144,4.29239016520129
"FBtr0084958",40.8947221216682,45.8135660930198,43.6094257706851,19.4561654663523,14.3644632973094,16.9675545007006,0.00678281341231129,-1.3740095781282,0.000537590778073181,0.385817482293688,2.16859012973111
"FBtr0084963",529.920738836727,595.252978712211,388.356755434402,257.73015480522,196.209758135898,227.734130158226,1.21538546501575e-05,-1.15774988747061,4.38150889972545e-07,0.44821104706562,4.91528596175306
"FBtr0085000",16.3166890992108,30.4621301146537,18.6619313488697,81.7906728676365,48.2151609633702,78.735484856133,0.0038312568563581,1.68687859411563,0.000274966943368842,3.21959360337182,2.41665873093012
"FBtr0085094",51052.9878181269,60579.076264113,69320.9650216208,20867.8313531953,12612.0557862925,13613.3564026497,1.86894240129573e-17,-1.94871571253824,1.337612851822e-19,0.259046731810222,16.7284040828827
"FBtr0085105",33.3498546536664,29.3115060583917,36.8444739605676,74.8685505151364,81.2901410489393,69.5597951069606,0.00121296343133851,1.18611910978781,7.43532918481192e-05,2.27539830627073,2.91615229213202
"FBtr0085137",241.585063826892,159.930046297679,242.244790959852,447.925108161377,486.953773445446,428.219473362576,1.26922148876209e-05,1.08068343253079,4.60923376965953e-07,2.11503777812543,4.89646258361559
"FBtr0085146",294.108914283262,231.413980681431,421.204797293049,110.621699540052,90.8841848817795,163.511667207756,0.00139013566313091,-1.38077303131993,8.70562095201266e-05,0.384012976632104,2.85694281494434
"FBtr0085155",611.334223949107,488.831283404949,558.510604708078,1370.40942160306,1502.66562721684,1575.69578130853,4.63181970970461e-27,1.41981009657042,1.59612077471597e-29,2.67550290719749,26.3342483535562
"FBtr0085156",938.765024505542,1188.65757159473,1170.34396420875,215.533302623378,54.0062137684322,52.1740858651216,3.27064684611129e-07,-3.37283814189007,8.69138094957341e-09,0.0965327211790394,6.48536634705973
"FBtr0085209",137.48973920572,139.328925867202,144.315999387728,29.6889123195072,15.8600744961502,34.526517410057,1.16739317851594e-09,-2.4322776168454,2.11282696682519e-11,0.185272720888671,8.93278284875204
"FBtr0085252",10.2474494494392,28.750047703499,8.89475810239671,103.682317507313,89.0520914838893,102.581461672288,5.64755019611087e-05,2.67057664753836,2.37845199979385e-06,6.36683619623239,4.24813990032843
"FBtr0085307",21.7643745112948,13.8657136751751,28.3475826634596,59.8822540447749,54.7970493798356,68.9139236460057,0.00466276314107941,1.54640568012439,0.000347003512752298,2.92088524718943,2.33135664526497
"FBtr0085353",72.5976616711672,92.4827826741433,97.7338519610621,21.1027469758908,5.2921980756197,4.41252173895586,0.000304058485138356,-3.12952828290051,1.56562917794899e-05,0.114266286747946,3.51704287254288
"FBtr0085377",158.578284567922,186.219644733416,205.671159842671,53.4158545416277,33.3034298009774,47.184513230101,5.48487793686322e-11,-2.05249757971513,8.43268178497194e-13,0.24106638897891,10.260833032982
"FBtr0085423",393.263408016852,422.398972919651,413.363162873972,183.764658074658,167.004424069538,197.80836182314,5.88927952235344e-15,-1.16937757978629,5.34679452990339e-17,0.444613118122374,14.2299378323105
"FBtr0085708",683.750693631174,859.32150492251,779.218898209498,360.977103718396,197.207028678202,394.349192952628,0.000153869552483306,-1.29359016698782,7.33149159943652e-06,0.407934614072285,3.81284730932184
"FBtr0085735",80.2547753932313,86.6419596958735,79.3761310715221,9.89417549969407,10.8488610047896,9.03825722205559,1.71126886967055e-14,-3.13555404674659,1.66704124480829e-16,0.113790021348996,13.766681749991
"FBtr0085755",325.662719191028,389.766853317951,386.710912320401,74.3678245076245,32.8904956332684,41.5767310457392,4.79427984656136e-14,-2.9111203648463,4.95631316145508e-16,0.132942992141485,13.3192766193908
"FBtr0085987",10.4887982658942,8.55227198080556,11.3578359722596,45.4110923703058,53.0549410803421,44.0979230708702,8.46641493580584e-06,2.28531990052522,2.92873995791295e-07,4.8747218466599,5.0723004507315
"FBtr0085997",67.7706783348183,80.023367561515,43.4709938177596,2.48319089749843,7.90555633962025,6.98421416469373,5.96315447835379e-07,-3.57470792877733,1.66367663047511e-08,0.0839277707422242,6.22452393990336
"FBtr0086272",159.164239458647,170.937117922234,125.699593928746,62.0381748885328,62.9212930374959,51.1652812857757,2.59801221473426e-06,-1.38448570609839,8.10910373187434e-08,0.383026016577535,5.58535881139262
"FBtr0086280",74.6786489342535,74.5530855358711,77.1747465863037,176.033567738197,163.783636168753,185.961598810652,2.01124448128528e-08,1.21956766987273,4.26506450637038e-10,2.32876920979986,7.69653513456508
"FBtr0086474",14.6328158910207,4.95513422298058,7.66067970842006,41.6183397739359,46.6264236521418,56.0929500084197,0.000499013552330538,2.51008745650565,2.75796754568369e-05,5.69654609785807,3.30188765954205
"FBtr0086506",7.1410267011679,32.8973235336586,25.7472603544446,116.21697827013,114.358574157546,65.6432355933922,0.00794889809055502,2.17033448053307,0.000650555940479486,4.50127741302268,2.09969307088561
"FBtr0086555",38.7685891237846,34.0142592108004,36.179345896978,89.9986136285851,105.651586298976,88.7443732006462,1.49363237377713e-05,1.39185529904764,5.51327522991295e-07,2.62415929528096,4.82575628182893
"FBtr0086613",38.0015873981697,39.5787007385409,29.3717233442788,79.1003293687724,83.8128003948078,87.2090282510768,0.000433921058578002,1.23391693386958,2.35507850878319e-05,2.35204707274164,3.36258927265877
"FBtr0086670",345.941459388619,383.400772363558,367.939068002632,186.502306677353,146.017310635132,176.463093500337,2.54415536833579e-10,-1.11750325603469,4.23182900896146e-12,0.46089075815751,9.59445637040156
"FBtr0086983",70.2660376395279,60.909594876414,76.131583538306,30.015576560436,38.4416969010644,30.2245263530464,0.00762694967432661,-1.09301355681789,0.000618141779436809,0.468781143132352,2.11764911925103
"FBtr0087004",361.690306888428,451.516456296603,421.314637913131,214.553025581844,172.410747689711,199.82313733932,1.9574896172473e-08,-1.08235130236828,4.13809932340549e-10,0.472258509544014,7.70830053281238
"FBtr0087090",18.9890878011063,16.474919651932,35.0804954332532,126.175545405089,110.649471615317,115.958543654594,9.31059156916724e-08,2.36029881661539,2.20270456606541e-09,5.13476701305857,7.03102272427505
"FBtr0087115",98.6334902296826,107.602899897327,104.210456266473,31.0855190339506,28.0816795172421,28.031958028422,7.51328506916094e-10,-1.85167202435033,1.32938841183961e-11,0.277071067868238,9.12417013284068
"FBtr0087258",648.469874866576,547.271518373117,428.087503413404,2206.13753555904,2626.35030738362,2312.81944138733,2.94294217929715e-29,2.13417052147465,8.77616952076686e-32,4.38984658406547,28.5312182705062
"FBtr0087295",813.763308566583,715.647164916712,868.131983877404,336.055685012602,368.080773512313,309.073032197758,2.12275332350526e-17,-1.2493820149589,1.54740136239614e-19,0.420628347125011,16.6731004704901
"FBtr0087307",1078.05531806393,1290.11656856429,1347.97841211662,626.05926649867,673.542491055537,357.549286906044,0.000167764538327824,-1.17156982780898,8.06025780567741e-06,0.443938019073877,3.77529983394906
"FBtr0087369",81.9409611901736,56.7685311155097,79.4279325931271,156.591290592117,157.662826247731,182.772586654671,3.11886660240326e-05,1.19275579547612,1.21530388483308e-06,2.2858897062656,4.50600320013195
"FBtr0087390",585.509110604823,599.185309099423,672.807712236402,281.233612372546,243.838015892943,249.606853904702,9.04983237676072e-20,-1.26779117817842,5.27756957690486e-22,0.415295119278674,19.0433594648304
"FBtr0087528",102.264013773595,69.7798666261162,190.282377089271,28.0065961953609,6.18612393838678,16.505988040788,0.00061017833589548,-2.89066065650113,3.45322928333161e-05,0.13484176703678,3.2145432158481
"FBtr0087533",4319.72434790393,4567.83808420053,4538.70360383962,2246.51040381115,2242.45944993781,2236.28999958106,1.30831892759167e-81,-1.00268771242618,5.20206333038436e-85,0.49906937699014,80.8832863755761
"FBtr0087617",156.714040741674,34.0107711692908,47.4941830444855,593.920531481249,971.422946189499,557.740692475038,9.41448739164429e-06,3.15854678696179,3.30661253649534e-07,8.92929817566647,5.02620332185453
"FBtr0087621",12888.2961085509,15746.8814620994,10947.1247410403,5374.67862095252,5465.23103878609,4502.09168276554,3.45116668254024e-16,-1.37311222682125,2.858819319533e-18,0.386057534076213,15.4620340648872
"FBtr0087789",179.081293343107,193.718406179905,181.335427554854,69.1593439045417,60.6006667024302,78.315142142717,6.72389429283335e-10,-1.42845653575907,1.17634731166866e-11,0.371528158727776,9.1723791227757
"FBtr0087820",19.1420499300354,18.3788074917939,22.223036304931,65.5066330657448,67.0224909578708,64.2294256112547,8.93649091196837e-06,1.72549548428514,3.11503924433092e-07,3.30693682368043,5.04883298195792
"FBtr0088052",46.6238467976514,37.2912916212511,37.725236261301,164.930316329997,129.158009371605,169.368378360042,6.06027014787192e-11,1.93835311770742,9.39763561697832e-13,3.8326788543188,10.2175080159137
"FBtr0088100",837.70550547407,1335.40041734742,774.061603210874,628.142864084623,476.314633467641,365.709367528,0.00856927877158221,-1.01166406928924,0.000707575967487835,0.495973839147898,2.06705572868391
"FBtr0088136",51.9999218594056,52.6997897022498,63.2658232307331,441.116926490597,408.119783945403,466.75661506674,9.33164287005026e-56,2.98787481045252,9.2759869483601e-59,7.93304542775153,55.0300418903813
"FBtr0088224",501.143618321081,340.086873958173,381.613785869419,156.35956434744,228.147917420657,135.490256131889,0.000289800019254859,-1.24164339215969,1.47954082706818e-05,0.422890661611485,3.5379015900095
"FBtr0088266",194.894696928111,207.532556528058,200.549641475205,473.91222530399,450.296807876055,416.776053021297,1.48682659830488e-16,1.14923951570071,1.19222013515501e-18,2.21796948312023,15.8277396782773
"FBtr0088337",42.4186724387605,39.8852699212938,70.6472985573569,18.5782690503699,15.0031181107287,14.1135236946744,0.00441221388988994,-1.70094684743897,0.000323449764148857,0.307584168163458,2.35534344252664
"FBtr0088363",45.1678340661883,53.2139827026369,30.1442061207536,113.412350689435,83.2427333778563,112.903101725013,0.00441221388988994,1.27677094961183,0.00032316999363779,2.42296060745249,2.35534344252664
"FBtr0088370",81.4196547348682,77.1272400726231,79.7155686981494,20.8568732515747,24.8307921508027,22.0722137939434,1.25189562845562e-07,-1.85065480971209,3.08526207389551e-09,0.277266493874077,6.90243187709624
"FBtr0088399",7.6072973220639,3.58602691786633,3.6508113975261,28.7599705832261,45.342364423865,20.0937033596652,0.00236746730313623,2.83334088735674,0.000156732924839834,7.12722706354246,2.62571601028269
"FBtr0088522",222.422313858548,191.26835818195,250.865080244218,99.2734396152771,115.042693023457,84.4930170440409,1.11352200186302e-05,-1.16517465606171,3.99214978799134e-07,0.445910273493657,4.95330119740561
"FBtr0088571",29.8153206999045,53.3028646708885,36.3344168254385,97.9773782024678,106.724826244413,79.9899602832988,0.00572973667970003,1.25583838466952,0.000443874233172255,2.38805884114588,2.2418653363539
"FBtr0088602",96.038102979577,122.607980146277,80.2794306132514,43.6144259125228,38.2180285673373,54.0336920028493,0.00706431583919903,-1.14345275393867,0.000563179055967955,0.45267490845977,2.15092989208126
"FBtr0088663",11362.7182709401,8749.2221264632,8598.66348741969,17414.125985663,23235.8631466305,19467.4207297353,8.55289769386271e-10,1.06212038318916,1.51900369910882e-11,2.08799807695795,9.06788672278634
"FBtr0088699",161.186122850529,230.283941818801,165.268202033105,411.470830364011,431.246867784746,276.603742744585,0.00314952246919164,1.00162845204149,0.000219086270410637,2.00225878845422,2.5017552889775
"FBtr0088774",2861.76459401566,3917.96470318009,3118.8274282819,1668.42373054407,1379.61293259619,1057.22610531088,2.3806796889551e-08,-1.27655979072295,5.20625776908671e-10,0.412778636113195,7.62329903327096
"FBtr0088902",389.000424933037,496.199937993911,411.332073091071,156.30058843066,70.0999775491816,68.249011007432,9.24619296951537e-07,-2.15140045405073,2.68991299775828e-08,0.225094006136991,6.03403704700856
"FBtr0088996",486.099323673014,455.306577419758,554.004818928519,154.923740352698,156.294882179362,202.646204164911,1.12460938217441e-14,-1.54783430917416,1.0582805319335e-16,0.342023104433592,13.9489982976632
"FBtr0089162",279.969665499976,157.992903845606,257.499385931029,15.0475821429796,52.8983573227655,52.8088265356084,0.00011994692986438,-2.55955841202328,5.42106071355252e-06,0.169627453483018,3.92101086366132
"FBtr0089263",106.874302656296,86.004935660164,86.9413718265237,212.531138577944,191.650332493625,225.821057956892,2.7910060654469e-07,1.16932944123918,7.24324126051965e-09,2.24907136721782,6.55423921969652
"FBtr0089343",1064.90099806511,1705.36306726041,1415.05217967895,716.983515859185,502.666975067467,569.127806788373,2.48604497307028e-06,-1.23311667050226,7.69372433680466e-08,0.425397461541929,5.60449101914587
"FBtr0089348",1300.275525328,1360.25296249568,1210.92451681318,305.979939384301,302.656454150355,276.189768947824,7.29785790998646e-85,-2.13648154123929,2.41811063949187e-88,0.227433780740737,84.1368045966455
"FBtr0089349",1017.09757136086,751.45382090104,784.988153562048,2698.12061854884,3107.208358441,3035.84797850483,2.99573894861251e-30,1.78781324423499,8.53656559246773e-33,3.45291122865938,29.5234960341357
"FBtr0089359",300.415320614212,229.013176964702,277.162236378362,64.0141982111137,75.7495093431551,109.919853971301,1.60345558288136e-07,-1.70487878402236,4.0803641075311e-09,0.30674701627246,6.79494306590498
"FBtr0089361",431.664890730674,507.928352897869,445.998372689198,182.684617358465,137.360315537704,156.433271153045,2.050005332711e-16,-1.54944556619526,1.65739331074051e-18,0.34164133317236,15.6882450092057
"FBtr0089484",529.898933833192,644.804232097146,555.706506986454,133.349059952322,106.242872178556,90.236039991753,5.79313060112559e-29,-2.40392150785294,1.76596426541933e-31,0.188950270903659,28.2370866805966
"FBtr0089581",218.619437672506,132.840312892235,134.294726611728,1846.82742667527,2251.90521728709,1750.12262194071,5.01465785729975e-43,3.5896395867928,7.97559897781273e-46,12.0389660363303,42.2997586929039
"FBtr0089716",208.916717294376,202.490080028751,129.352966012391,423.658496344683,550.290497121116,433.936802759487,2.34187888913152e-06,1.37893656330233,7.2165254038844e-08,2.60076593238677,5.63043556833364
"FBtr0089877",553.220840063098,552.375095702797,568.03493769664,236.637738965637,225.182543079479,231.078249946986,1.74867482679259e-29,-1.28043739046908,5.09885304034949e-32,0.411670681054149,28.7572909418416
"FBtr0089937",51.5702951661652,54.9056994975585,55.4411288519822,19.5333896255778,12.6167470699518,21.4278392392955,0.000753080153945642,-1.63722310391766,4.35678578127598e-05,0.321474652934975,3.12315879728707
"FBtr0089963",681.131662008552,603.594101235936,583.803568066624,170.455145228615,233.888734769975,214.118836175973,2.02502161076846e-17,-1.60249204039341,1.46273926821579e-19,0.329307656291406,16.6935703376901
"FBtr0091719",28.6251892076775,15.3278556892403,15.5207091582734,53.1441440715445,57.849808761015,56.0344058439312,0.00541010563345762,1.51117475242876,0.000413078656107332,2.85042047640617,2.26679425511896
"FBtr0100129",36.9681640952895,44.0006035940796,52.258224581464,17.4160157912671,14.721849585305,13.830475660887,0.00333581481075418,-1.58099995256691,0.000233440718366893,0.334250134840797,2.47679806741679
"FBtr0100375",501.106120596744,742.629107513551,643.093805216644,238.054364833229,117.347709710577,84.5615627379447,1.39124053347131e-05,-2.11322772641596,5.10766902281715e-07,0.231129333363616,4.85659777775169
"FBtr0100457",1134.8296081708,1150.2795137284,962.147679428251,163.347937130359,251.717196911569,239.480055765777,3.88613080009356e-25,-2.31598867517708,1.54518123264158e-27,0.200825075613539,24.410482585928
"FBtr0100575",542.512984020555,597.758543671804,537.567942515555,1454.27091197638,1691.76283244631,1306.75591333489,3.40021764202377e-22,1.40361294127358,1.73503484715593e-24,2.64563299124986,21.4684932836328
"FBtr0100582",7.3810000755974,5.04559994704603,10.5584903591382,37.7518215751118,41.0621102675296,32.017275467723,0.000288985028535404,2.31505795596097,1.47269375045544e-05,4.97624651500807,3.53912465618076
"FBtr0100595",256.741397913472,345.568488549684,341.379902012233,168.002502273193,113.070930092087,105.193796807573,4.39214813422299e-05,-1.29806231071148,1.77257668240013e-06,0.406672034320701,4.35732302083695
"FBtr0110823",132.100810671752,99.037445232161,57.8155155432131,205.386753868392,276.930954983354,229.410830791006,0.00423949789250095,1.30385717039913,0.000308480363549771,2.46888077771282,2.37268557629143
"FBtr0110876",43.4639278592264,62.7678650845859,52.1877507248742,169.165362829726,151.638218531713,120.664038767411,8.14515421604908e-06,1.4801763011858,2.8068125860474e-07,2.78982823632967,5.08910068857523
"FBtr0110938",17.4505289925198,23.9164346485901,13.4973267839888,3.23707185520223,1.96130474653763,1.95510708607857,0.00309197215575411,-3.43929265747318,0.000214327559636766,0.0921870136015904,2.50976442570352
"FBtr0110971",136.263383937777,143.843926280252,116.991144286478,34.7925979469505,40.0078921329516,43.5635024183395,1.40650645005845e-09,-1.76497521710355,2.59117821813286e-11,0.294231738631402,8.85185827187534
"FBtr0111028",268.470599576882,307.044117353733,326.079103087865,44.5592706437966,16.6212316868843,14.8337058968468,1.63866270043887e-11,-3.61227007093478,2.34560068452483e-13,0.0817708206248388,10.7855104316726
"FBtr0111030",2208.03634275412,2149.17962884423,1589.34394260127,278.383623993013,518.847048500031,506.958976923545,1.16374183408005e-12,-2.19377154639957,1.39587324034784e-14,0.218579264819235,11.9341433534232
"FBtr0112532",86.5998188674212,63.3895083714158,93.3416815230188,5.07285770352573,13.4952031282632,9.82919979001,8.62298464525608e-09,-3.16422210837683,1.71748257348623e-10,0.111551196382034,8.06434238723654
"FBtr0112735",15.8215413394771,16.1392871598564,13.6594497164686,40.0972001838725,42.7623661075114,44.468925172861,0.00305703476775079,1.5002014429898,0.000211703202935691,2.82882208458199,2.51469962200127
"FBtr0112740",136.936977418075,111.867474122663,187.474570878716,75.5370845013411,63.5366376451584,72.123373752997,0.00578655334888827,-1.0546676763413,0.000449166521994422,0.481408100754197,2.23758003856255
"FBtr0112807",92.0485880942761,96.5833126827174,74.38392192741,194.902752237889,213.287271254286,186.357269350635,6.96620782736482e-07,1.17797619006325,1.98506916220469e-08,2.26259158404611,6.15700357309751
"FBtr0112808",174.064025060055,210.545606533396,183.844663569036,534.902484551578,617.517479798492,446.083454202873,1.0624797417721e-12,1.49119597320035,1.26737146135837e-14,2.81121924564079,11.9736793418616
"FBtr0112851",908.217500024531,1001.3157813356,953.54688380259,475.947078991207,436.218364090169,328.774628236253,4.35660490502928e-11,-1.21392805655036,6.61141499835457e-13,0.431093269472989,10.3608518238939
"FBtr0112994",848.061217554229,227.037647711826,354.384802948448,4129.25480007059,5243.82578635809,4857.06248582357,5.26663094248135e-06,3.31340105533293,1.75205350107729e-07,9.9410693917858,5.27846711362648
"FBtr0113011",145.897375171733,184.954633850718,127.369521871717,36.4100573234063,25.1561403652681,22.4690560698497,6.27181316994254e-11,-2.46419157180765,9.8087999211825e-13,0.181219288863339,10.202606887261
"FBtr0113113",229.389768524606,172.690456833043,261.956392719145,27.2310616893822,26.6007263203147,63.6258478799519,1.05325269030347e-06,-2.51947562009552,3.07809434343162e-08,0.174406338674212,5.9774674228895
"FBtr0113190",32.4563373077155,27.5330697243937,24.9577845993159,4.21702473973327,8.82281006198098,9.74433414613824,0.00893543198167117,-1.98834877548474,0.000742759018572502,0.252027178096426,2.04888444677097
"FBtr0113291",41.7590352852144,41.210727519542,42.5097840537545,14.2850228954645,15.3662697314425,11.7601091875309,0.00139013566313091,-1.63871197621429,8.70402571846033e-05,0.321143059771577,2.85694281494434
"FBtr0113323",43.0735400227152,43.3044064447596,16.2367326097918,263.115049292491,328.879684359588,256.033022012484,2.31607410785847e-11,3.04888194363848,3.40734560599457e-13,8.27570342003891,10.6352475485201
"FBtr0113380",5.35917838686086,1.07245632167585,1.1085470416705,25.6354517008739,28.062958638428,36.7205513407869,0.00024195602302782,3.66287046352508,1.20737498568554e-05,12.6658365647468,3.61626356249857
"FBtr0113386",21.4741002010528,15.8743407646936,12.5530009444803,129.732020456366,188.929920134822,102.718250404168,1.04388762872141e-10,3.12720061291807,1.64642316524649e-12,8.7373792514639,9.98134624927708
"FBtr0113451",28.0962940178894,16.5451427086219,31.2709737927534,5.670706233521,6.63869855042783,5.72068473509471,0.00791692184845968,-2.23572630225219,0.000645459666642136,0.212314336543237,2.1014436421577
"FBtr0113470",771.234008334554,908.650453061761,784.302895321517,95.7915835868924,55.2756293452455,53.4113105086,4.37978940182596e-37,-3.60777753246424,9.86831276753364e-40,0.0820258510482296,36.3585467716474
"FBtr0114544",109.367531991324,112.498334692481,109.158801184513,382.051336737945,332.300315066163,374.330284700858,2.60120116473306e-25,1.71461791152102,1.01703690337476e-27,3.28209707787735,24.5848260602012
"FBtr0114584",12.4748633240912,23.5836081973423,12.9025488788139,84.225291790443,95.3811300773237,50.8271390812664,0.000179750945419379,2.27873407567479,8.68379318825232e-06,4.85251971933271,3.74532881672066
"FBtr0273370",2806.96671095987,4072.71681474634,3351.69299058932,917.113021892202,349.497564706881,293.672756521799,2.54601093187666e-08,-2.72391550815912,5.63530583993907e-10,0.151362999850908,7.59413973593628
"FBtr0273385",74.1687883217905,81.7983778120709,111.021505492335,44.7642553190389,17.0508359365997,16.1633278906073,0.00977614554071255,-1.79687126933132,0.000824072705618712,0.287798051704979,2.00983234156778
"FBtr0273416",3.92763237346122,0.534152934150579,3.19545401611763,16.800628941168,19.7551926994114,21.474752622078,0.00782601693560241,3.21555845380566,0.000636350084823337,9.28922639218333,2.10645921661542
"FBtr0289940",82.0359818498072,63.5358205841139,61.5768759383484,155.548725609145,161.509780916286,148.954936209312,6.15220972200199e-06,1.17542936135892,2.06704461832671e-07,2.25860089319941,5.21096886833735
"FBtr0289981",548.052304642686,684.168152156528,554.371667714981,266.975339040237,171.417648136524,235.560231133276,9.62961796428884e-09,-1.41393435433576,1.93358134074189e-10,0.375286850332546,8.01639094229316
"FBtr0290019",2667.80944846427,2915.85498669577,2957.04968777373,1101.65949672679,884.828956143346,972.269948264197,3.8685136592801e-42,-1.53554816181146,6.92179382376161e-45,0.344948248009056,41.4124558653594
"FBtr0290025",138.246548108313,102.391658352337,164.965431444136,8.64069392413929,14.5955782153772,12.7692415345615,3.17941388946632e-15,-3.57742965679272,2.82333638958574e-17,0.0837695853863543,14.4976529328556
"FBtr0290076",1060.82539036549,1022.94233199859,915.63309520155,424.006000961114,460.766897664659,459.128483117615,1.6863801534606e-23,-1.1641479563764,7.71108221264292e-26,0.446227720262664,22.7730445175285
"FBtr0290077",818.213400019065,1078.46119786902,954.9516425781,358.930673491922,266.22704121383,311.802202013025,5.70876174645731e-17,-1.61417845365897,4.4262765032174e-19,0.326650906004572,16.2434580817714
"FBtr0290078",88.0607508120022,39.5134708584836,94.0093928495143,282.384451814918,263.174829566652,351.512877909254,4.26234947587338e-06,2.02541974796558,1.38971235396269e-07,4.071103071827,5.37035094476235
"FBtr0290279",2.28324453512353,0.809521733780469,0.833899897965855,14.2146600169907,18.3805003742864,14.8471546341832,0.00354322600665858,4.51821713349897,0.000250538247124235,22.9149484248404,2.45060114506613
"FBtr0290327",675.087251986493,790.6547857893,720.739369321928,327.562068629449,168.10849802556,321.130435044207,1.49078962401222e-05,-1.42736524703787,5.49290278960103e-07,0.37180929774906,4.82658363862407
"FBtr0299526",327.81412821084,342.111411598228,245.724835883092,136.163701814942,159.372299352273,133.655334158617,9.69720020240218e-06,-1.10030379522332,3.42931903169008e-07,0.46641826949179,5.01335363812183
"FBtr0299564",96.3468328636568,94.0956553096941,81.8406568169644,190.14710269734,202.577923471277,217.189973230314,6.21312466626968e-08,1.1596447247898,1.44108259323684e-09,2.23402406207948,7.20668993218604
"FBtr0299837",3342.66825293246,4158.0658139616,3026.26786385307,8672.0373151469,9003.25549516883,7532.43427760461,6.91079237291601e-16,1.254342651042,5.77044293563563e-18,2.38558427178512,15.1604721547306
"FBtr0299920",32.2897142852563,38.2470901812677,39.6027753767673,148.414821580064,108.457132262818,157.355849638465,1.08449755197016e-08,1.91496375134012,2.19917992646037e-10,3.77104339254209,7.96477142397902
"FBtr0299968",1015.86356133419,1072.06473812665,1220.53699792049,399.804653571211,380.143642415786,318.93513883604,2.2177359858294e-26,-1.59745614327434,8.08319941819861e-29,0.33045915203429,25.6540901564385
"FBtr0300017",13166.4202828966,11037.1730489307,9500.46015579275,21166.6121096821,26556.886259792,24831.6857737344,8.68615443071965e-12,1.1018707695052,1.18578383878611e-13,2.14632830520142,11.0611724536046
"FBtr0300190",937.872288333572,1010.01584213581,934.934577449512,126.397148106833,132.16618341763,127.483204209487,6.15897173192796e-126,-2.90995443616271,8.16298440282036e-130,0.133050474799664,125.210491789203
"FBtr0300192",3.66667518367513,2.07687936039327,2.12342655821354,26.5142175912226,22.386637462848,35.580634248403,3.24200957641996e-05,3.5613321480363,1.26973337287223e-06,11.8050491904913,4.48918570664352
"FBtr0300245",10.6587845440989,13.6558113434898,15.6368335350118,61.825982582909,45.1012409345731,77.2788691999883,2.70533746752406e-05,2.2608171115989,1.03982487154669e-06,4.79262849214023,4.56777855268603
"FBtr0300337",23.5534417367854,48.7729505501487,36.8899872842531,145.6941602632,75.5412581741271,118.088871494772,0.00402119640876743,1.63880667069459,0.000290197673237093,3.11408143173803,2.39564471397475
"FBtr0300599",513.842632644866,485.85118648984,609.978306184679,124.454286690062,73.5290881934267,71.6426134401034,9.17737508607342e-18,-2.5915491376399,6.2642122853914e-20,0.165907482880559,17.0372815179978
"FBtr0300889",275.140500975727,371.645131749456,187.08503892813,641.54404071047,673.849229105791,682.550766885845,7.63227465033779e-05,1.25603277447227,3.2977091265873e-06,2.3883806316488,4.11734600976885
"FBtr0301131",433.326068583464,681.438274755849,660.089458194838,221.49333250133,40.1030927772462,108.32541385194,0.00156048504099557,-2.27629131859965,9.85515072278845e-05,0.206427728762129,2.80674039017982
"FBtr0301143",205.581514830938,195.886209398042,245.968788797029,587.955849884453,608.54560187656,576.173094799947,6.73788361406631e-23,1.45133880020036,3.2595460823515e-25,2.73461702157966,22.1714764950179
"FBtr0301212",153.163034190226,124.957691661806,101.084261245093,240.046960006637,231.677705439414,302.048186612581,0.00063403130762749,1.02433935025083,3.61763390236759e-05,2.03402773365012,3.19788929670161
"FBtr0301403",1622.12252345718,1645.74838178639,1818.91359553959,780.682137159186,799.085069225154,809.387166231693,1.97706780818683e-35,-1.09556004081126,4.71666276306997e-38,0.467954432890947,34.703978435281
"FBtr0301492",47.0423209532364,39.9677679085532,43.0650554094193,103.046236548293,122.459281871971,115.277875164972,1.55256336742457e-06,1.39894013650776,4.65048801905836e-08,2.63707780325204,5.80895066518603
"FBtr0301501",268.550242950271,227.246477847068,175.663978408576,453.198359608143,454.790622229939,581.946920522145,1.29395236891964e-05,1.14635868021717,4.72476974999817e-07,2.21354496530289,4.88808170998578
"FBtr0301537",928.292901092939,974.811849188409,654.092013894995,455.778697090213,315.70120684422,313.437679523016,8.37034742535005e-06,-1.24376738312066,2.88996090696314e-07,0.422268523843151,5.07725651550961
"FBtr0301622",33.046709960271,14.1778911969246,14.3698144129672,85.3470030159365,93.2244616848395,108.689382269932,5.80008327583015e-05,2.22355497755393,2.45610319676162e-06,4.67042868752423,4.23656577092433
"FBtr0301651",68.1871394000317,116.9003880212,41.8781696833004,10.6412052474122,5.06257934871962,4.18010749213129,9.02647203068915e-06,-3.57808986235293,3.15836794711986e-07,0.0837312595502969,5.04448195920903
"FBtr0301850",57.5926853973423,106.395794540031,82.3820993934682,369.265293788397,342.964126071431,279.555001334849,4.06639472428132e-10,2.01543463811065,6.97943163412101e-12,4.04302363686464,9.39079046675632
"FBtr0301915",2354.53998336179,2515.67016373141,2678.75799446338,579.224829466525,540.227634041451,223.190939353205,5.99686541021757e-11,-2.49999453144485,9.25957349622726e-13,0.176777365372372,10.2220756980783
"FBtr0302034",74.5427172981174,139.101523435673,181.61542211685,776.549474634403,685.793507568208,636.670460133816,1.45961475913683e-10,2.40875595246477,2.35047307137342e-12,5.31016228592511,9.83576175384447
"FBtr0302291",3799.13771447866,3381.65494131127,3485.38324853662,7423.07304195901,8726.47459705793,7335.776104932,1.71582877291716e-27,1.13413247663074,5.68531733902306e-30,2.19486541118429,26.7655260537178
"FBtr0302323",216.201908777861,154.418169637311,233.738226073934,79.3825103500278,97.7490362185983,76.7283807021638,5.71832994502476e-05,-1.26537855167427,2.41390071237957e-06,0.415990200522743,4.24273078966192
"FBtr0302453",51.2818708064447,66.708384310875,74.6790851596253,172.042987900902,215.308044522525,126.104330425881,0.000302945023635333,1.40845287410797,1.5558806714207e-05,2.65452342765302,3.51863617710198
"FBtr0302498",117.299630796258,231.770483882061,156.124181700948,72.4350683359431,30.7878691770279,32.4326565102497,0.0019388482334139,-1.91858779228689,0.000125915922382082,0.264513307013225,2.71245618471731
"FBtr0302548",82.5780109072992,116.983067118647,70.1105069539173,212.080066724224,171.661250590486,198.937717861174,0.00116498937012565,1.11020119371561,7.07177112680644e-05,2.15875750555399,2.93367803731336
"FBtr0302561",24.0077499062464,14.8452149024832,15.0441035483647,96.6669961842639,68.4080042455402,135.74563113965,2.57659862421667e-06,2.55012581109064,8.00811633371515e-08,5.85685351195381,5.58895322943682
"FBtr0302592",283.328801414824,318.655631052788,237.159918504246,115.594561582396,102.056579550459,133.207795608863,2.83533440760635e-07,-1.26566372531543,7.38427052477995e-09,0.415907980987081,6.54739571179284
"FBtr0302615",608.674964302871,656.059562998011,415.695445957066,13.0537228519963,68.8351707766676,66.8965700108134,3.24563004537614e-07,-3.50894122411163,8.6033930957618e-09,0.0878422474131625,6.48870098494365
"FBtr0302645",753.428249017434,941.949045526442,714.223805497522,325.391849526662,340.520546212412,270.532362184371,1.17696243697808e-12,-1.37087726630547,1.41953057342618e-14,0.386656061131819,11.9292373975418
"FBtr0302691",159.727060259697,144.866247411753,153.389405494835,96.936427068718,56.3085287496179,72.7838095314518,0.00292885317632241,-1.03251650264931,0.000202050109778107,0.488856688656433,2.53330239899482
"FBtr0302692",1822.78614570585,1533.49456676083,1461.22565883461,332.987630183454,686.376036870616,606.180508585039,1.18289757729121e-06,-1.57145517679519,3.48049386558844e-08,0.336468843132622,5.9270528576907
"FBtr0302694",1167.03496576819,1332.59452641879,1023.28308532825,358.415691172642,378.758922577094,397.861706129848,6.39378533095421e-27,-1.63925487992575,2.24566350258829e-29,0.321022232463473,26.1942419491008
"FBtr0302695",1075.47966263231,997.004628456857,1156.58961468091,375.018439060536,319.609295535744,341.384706236094,2.76223171566848e-41,-1.64643306789469,5.49151434526536e-44,0.319428940295506,40.5587398925151
"FBtr0302712",85.3130554965616,38.4120391804242,30.268630427362,146.497487886775,173.479001894449,261.038926736877,0.00227921003688678,1.91754342090058,0.000150285883810626,3.77779239220952,2.64221565127518
"FBtr0302713",297.112252277743,200.04962456081,413.064257433025,83.8160967353275,54.3380557715623,52.4942043182701,1.41015453278774e-07,-2.2707569345013,3.51370513139954e-09,0.207221135832299,6.85073329226692
"FBtr0302896",160.918271766389,160.535656512182,169.378513338519,54.6867860248126,59.9661200129265,49.1422498007419,1.44228322556014e-11,-1.59139943672508,2.03582721699344e-13,0.331849398250148,10.8409494475085
"FBtr0302938",292.233472047873,304.4041950555,344.770183676597,86.372463204433,69.437418152116,54.3700786387108,1.36888825113865e-17,-2.17304967364639,9.70649720820645e-20,0.221741441344227,16.863632003944
"FBtr0303046",217.581008869413,236.571019470448,417.412356784058,983.479004304132,1346.49896073794,564.127480165732,0.0003232997668873,1.72778379950128,1.68827181118086e-05,3.31218624800007,3.49039460853288
"FBtr0303384",820.773807900789,1033.26529949213,540.452375077886,150.746640576837,148.961055071462,151.391127453771,1.0265773864178e-15,-2.41748956940387,8.65205768314907e-18,0.187181587141074,14.9886083066661
"FBtr0303387",23523.0850483391,27491.8398218725,20363.156890066,12907.8214646463,10865.8116802026,10677.822349649,8.8539478840542e-13,-1.05690830544405,1.04440206982217e-14,0.480661012991116,12.0528630386859
"FBtr0303389",939.110070071725,1578.94750090671,715.373872802267,302.294043513005,109.040877279271,302.436199429592,8.16749818904503e-05,-2.18813390810133,3.56685308587189e-06,0.219435080926748,4.08791095314733
"FBtr0303756",222.2589174838,213.63246598361,198.469313127887,86.085639339783,89.1089529803925,82.6187891849483,3.38037752419735e-11,-1.31230196205809,5.0403243402545e-13,0.402677854557709,10.4710347945389
"FBtr0303787",688.216617465856,836.280438775948,678.510860274648,321.799175209669,322.091418988049,268.004078356833,6.53169335807263e-14,-1.28044901358142,6.92558606555084e-16,0.411667364431325,13.1849742121814
"FBtr0303790",61.1963611165204,61.2727296476542,83.6277728794038,34.1186168736873,23.4489092843684,25.1339136591311,0.00423427440091952,-1.32926912442011,0.000307819683088715,0.397969804049935,2.37322100107719
"FBtr0303857",14454.3877158414,17101.3590674495,15411.3961328952,7916.90082244807,7490.62371589786,5420.3516586332,6.5924666763811e-12,-1.17910590969096,8.69384273426003e-14,0.44162510440854,11.1809520568019
"FBtr0303994",75.0379640742878,71.5953498021327,63.9661318058099,16.7907437390028,30.402520261203,18.397964484685,0.000359429178454847,-1.70610568711889,1.91028628973351e-05,0.306486262010003,3.44438666977697
"FBtr0304005",101.224653300073,70.0461820454101,71.7246129813376,312.572536257976,337.196438880668,259.400972867785,1.0624797417721e-12,1.901593475876,1.26391095138741e-14,3.7362564329262,11.9736793418616
"FBtr0304621",627.23926294177,586.894653036955,689.051026446629,201.567157560426,190.324657766848,273.598617390055,4.3898060171436e-13,-1.52120664316702,4.94544084104978e-15,0.348394404128978,12.3575546705427
"FBtr0304683",604.663962745546,661.342350438838,759.863255927906,351.703371758151,200.921810039966,422.15580446094,0.0046402936791278,-1.06175138781169,0.000344716316388487,0.479050154238783,2.33345453255104
"FBtr0304802",230.018993235351,221.771997623559,203.370089727508,486.729292724167,426.154011189689,503.387912022146,4.65140941133387e-13,1.1092648020501,5.30180529323675e-15,2.1573568029767,12.3324154327401
"FBtr0304914",42.7235026563183,25.1506617740516,25.4676261769181,244.612756134898,250.207519764,276.358884967848,3.2477714685826e-24,3.05910891495553,1.35592844612792e-26,8.33457661962917,23.4884145377515
"FBtr0304925",0.377633369648794,1.97951744894233,2.01655218193084,17.991310049104,13.914467253302,17.5623401256287,0.000605458387797438,4.54760428191766,3.42250500192985e-05,23.3865035900848,3.21791569987182
"FBtr0304933",782.845275265977,949.046229574978,826.395379474889,385.419862009498,423.202484771136,313.851937718201,4.39009757130031e-11,-1.19535649199761,6.6913349330621e-13,0.436678530739293,10.3575258273191
"FBtr0304993",354.735775041139,343.147463941058,432.926402781444,89.6359674625584,25.5364515232213,123.379676383205,0.000750236732323409,-2.25847059587438,4.33536401978802e-05,0.208993416835559,3.12480167618259
"FBtr0304997",501.488274044069,1017.19386783671,445.823182390028,302.88162026659,228.818366016201,145.877372831633,0.00371930722317142,-1.54404256150368,0.000265207062434225,0.342923205288477,2.42953794645488
"FBtr0305063",150.507251971837,165.768759209349,97.963321475696,428.852443143365,514.675236475896,350.181015305261,2.7910060654469e-07,1.64106431349073,7.25032722104164e-09,3.11895840650342,6.55423921969652
"FBtr0305073",231.273406541696,210.056866420345,153.577010312927,796.126867750143,859.708455740847,868.969430842147,8.61302794986244e-26,2.08144296540041,3.25343004070351e-28,4.23230314227775,25.0648441434664
"FBtr0305218",70.1921744836848,98.3589514524735,93.2101313462713,18.5485932136867,2.65946534037462,1.78565663149469,0.00562898294700016,-3.639367921546,0.00043494990829703,0.0802492699796712,2.24957006703263
"FBtr0306087",114.624498567842,69.6173466002435,72.1607350812308,359.04427187318,443.161766347905,400.585111300008,1.03838641145142e-14,2.23677421103091,9.7026165682339e-17,4.71341989979721,13.9836410037778
"FBtr0306107",574.6793444541,653.82668144411,502.136643399267,195.564666314222,241.471358212985,206.953738321069,6.53169335807263e-14,-1.43371197726148,6.91399913257989e-16,0.370177220099212,13.1849742121814
"FBtr0306239",14.3126806037117,22.1249474975984,16.901352452844,78.4594355647302,87.6460322749823,50.3074613929926,9.89071828114327e-05,2.04152414192855,4.40461410532026e-06,4.11680222503835,4.00477216803784
"FBtr0306244",266.903219007043,158.86941226885,207.867889584957,44.565888403935,86.4825397019516,103.598817653193,0.00555814565219277,-1.44290826163445,0.000428739664622425,0.367825075050856,2.25507007664559
"FBtr0306930",92.9583058684856,89.8349450463497,124.054788079459,46.1925390651097,36.1437949142835,40.4315149504405,0.000243526298271177,-1.32910401668407,1.21843840420635e-05,0.398015351897244,3.61345413269432
"FBtr0307016",83.5916563673309,111.911075078368,120.77780901507,51.6854870039059,34.4433029385478,21.5693418170024,0.00368697797905514,-1.5787515206284,0.000262168811897029,0.334771467898735,2.43332945626516
"FBtr0307057",182.268995340186,218.897347200722,253.193655559586,106.209296912359,81.134051822032,74.9865767511917,5.22507851856141e-06,-1.32798997542317,1.73476761948261e-07,0.398322815882116,5.2819071789161
"FBtr0307092",30.7654414272486,36.222678227814,39.4126311608249,124.415263893408,118.184663221308,99.646371190133,1.00907048539803e-07,1.69266283511889,2.42069924263809e-09,3.23252792936477,6.99607849644866
"FBtr0307289",470.022454409859,657.017652409336,528.857154934176,102.026267187784,23.9752463029929,22.1911034327922,1.68678456954916e-06,-3.50135165245105,5.08606348008529e-08,0.088305575908407,5.77294038049942
"FBtr0307374",32.3329866181753,30.3947692965073,24.1678970167323,0.441066193467698,4.61982546883724,3.68644883366594,0.000389106952385457,-3.62388973504533,2.09380281866793e-05,0.081114872293697,3.40993100935132
"FBtr0307520",1535.22257607646,1836.96827546373,1480.81289938738,773.671594347824,736.610941138124,798.09509982128,1.0670156223423e-16,-1.07784648412667,8.48521369655904e-19,0.473735442377283,15.9718292219557
"FBtr0308065",991.494948731702,951.843160090783,991.625251428478,364.478540884884,340.08112297663,349.409038561829,6.26352414735499e-59,-1.48387422744893,5.81108933485552e-62,0.357527414074635,58.2031812439303
"FBtr0308213",271.772966003657,182.756678645527,177.82126549796,396.326828726991,595.941873071487,371.142601747912,0.00238902583173468,1.10790128747925,0.000158635114870653,2.15531881315988,2.62177915434423
"FBtr0308564",22.1162930585677,6.765614711198,6.87957870127544,76.7973192678173,87.5459147066391,105.627897080838,7.41184685438691e-05,2.97346786707422,3.18773267627376e-06,7.85421922698849,4.13007356277217
"FBtr0308594",131.814849376753,74.9899760129117,80.1117348083893,186.417603570681,256.104064753913,271.043081425102,0.00101562062802932,1.31537358183144,6.09103159951317e-05,2.48866765667145,2.99326848685668
"FBtr0308621",441.330168974691,357.721320444623,728.3935459382,1179.3563454423,1093.35186539732,1228.89224345255,0.000321138571988247,1.19352265292081,1.6727297387857e-05,2.28710508266757,3.49330752814389
"FBtr0308631",434.985860057295,498.023253966578,267.137235539895,48.3051088357144,93.8226824851248,111.88823307033,2.38642680309489e-06,-2.24928923253039,7.36961491214194e-08,0.210327699697071,5.62225188185064
"FBtr0308633",67.1410551118102,82.5741593934891,34.4729803494787,12.6578196379037,18.9309142152829,17.098992425264,0.00333581481075418,-1.96592748130726,0.00023326074596976,0.25597459163517,2.47679806741679
"FBtr0308823",32.8555081707321,12.3246224649872,28.2040255291764,65.5937850718834,73.1038443857927,75.5950493843756,0.00933902430474344,1.5581497507305,0.00078227479928401,2.94475937242467,2.02969849434809
"FBtr0308828",19.6119048735371,21.2845358941931,13.209564719405,0.395286597755124,2.17192268413798,2.16554680319637,0.00265870463827288,-3.73290693239095,0.000180946962458996,0.0752112908150636,2.57532990678017
"FBtr0309256",120.968351668852,73.3905480947035,183.559351807802,42.4063225111229,21.4662004664593,37.9289155234444,0.00266207586994408,-1.90092935090981,0.000181352816057158,0.267770818272058,2.57477957116468
"FBtr0309828",904.336652711942,1098.48283639429,891.958899884102,414.664582216498,422.840521457003,419.527824044054,4.80544252335955e-18,-1.20990669411059,3.1845212215769e-20,0.432296573407167,17.3182666128645
"FBtr0310016",143.078674520842,188.468164695829,125.67957945242,83.9003995338743,84.8670382639165,61.3044378473021,0.00752180058781271,-1.0028144299134,0.000606628980475021,0.499025543720913,2.12367818444201
"FBtr0310034",109.056963426442,121.834141726035,127.413364614655,61.4810557830207,38.4423646987067,33.1993649562157,0.000381277523616088,-1.43851784146605,2.04661891404262e-05,0.368946147990398,3.41875879571562
"FBtr0310055",181.010646499269,139.267924680225,103.283606148972,15.9996514710981,40.6568797514968,50.1025895791963,0.00218777016751641,-2.00809206538203,0.000143821604120363,0.248601677180877,2.65999830401235
"FBtr0310064",81.7634975184747,85.5942457058362,87.4384466353642,201.605764709153,181.502167191761,195.767415221977,5.97392299979783e-09,1.18537893021928,1.17578206159043e-10,2.27423120489474,8.22374037948522
"FBtr0310435",17.8234462593624,7.19897108338178,7.30843159337158,41.7492075135434,55.6413383177284,46.9291038513423,0.00121361727131253,2.20021720942707,7.45542220349048e-05,4.59548525544379,2.91591825161622
"FBtr0310438",181.390430268438,140.073605630474,154.600289891009,28.7836145328336,30.8578206504263,59.583300958923,7.22966788067278e-06,-2.02449970473106,2.45779961748518e-07,0.245790369614739,5.14088165303799
"FBtr0310643",18.7504526786259,21.4967940590054,21.7614397614868,109.537877522247,78.2367399997991,108.23211613911,2.21724418338242e-09,2.29085681499146,4.17294465262165e-11,4.89346647227089,8.65418647573717
"FBtr0310647",1180.0914332699,1511.81260809469,1157.94134206464,435.091372968916,325.755880240304,252.787887374028,1.1137166473888e-13,-1.93387511764826,1.18825964366863e-15,0.26172522493279,12.9532252886313
"FBtr0310653",100.641587614728,142.617588873176,117.90161284191,35.9570343376085,11.5513162147554,20.1672632180028,1.99229851783204e-05,-2.45493776348551,7.48597256203291e-07,0.182385410796325,4.7006455881342
"FBtr0310660",111.320420806243,114.363990104541,149.890449126433,18.8833785033037,6.93990904654335,6.04681752562215,6.72254925238343e-10,-3.64801271433155,1.17165702675735e-11,0.0797698450448001,9.17246600725862
"FBtr0310661",1229.60440077813,991.537266452027,1145.47817034036,320.89976335724,428.525229113799,653.611588327274,0.000137809086909806,-1.26622657335282,6.4304545940433e-06,0.415745751738332,3.86072214480376
"FBtr0310669",12.991881262584,3.56771478262031,15.9829962697192,48.1803530182847,43.0176938397519,66.5847437026041,0.00431501305573567,2.38022214372643,0.000314261056875646,5.206168997093,2.36501788592203
"FBtr0310673",11.4700585539392,6.24246860608073,6.35032014252888,83.6512738765834,85.8660821386532,99.8729948515795,2.81971085876362e-14,3.53641972734864,2.80289349777696e-16,11.6029498510475,13.5497954231989
"FBtr0321321",72.3600789851825,60.0777088281891,87.5950967958359,31.5818180240306,29.0892326799687,38.8320324345365,0.00739398519139642,-1.16698570139703,0.000594360771183821,0.445350864170065,2.13112142356292
"FBtr0329839",62.1440791140683,55.6455226278125,81.3670767514917,34.206026418,17.8823451769464,16.9875623334191,0.00994030093387638,-1.54240246892718,0.000839227527485653,0.343313270824534,2.00260046751983
"FBtr0329879",62.5275587629591,77.9338162743682,64.3366090873557,145.032311122302,169.677948327654,126.446212848292,0.000245241248813042,1.10661145638221,1.2286440298387e-05,2.15339272704845,3.61040648103268
"FBtr0329955",437.3469038182,550.581458435921,604.796795099462,224.292681954678,83.6520094644912,172.002690182828,0.000127324678180982,-1.74183956837112,5.85168956218989e-06,0.298988195649411,3.8950874128498
"FBtr0329957",437.3469038182,550.581458435921,604.796795099462,224.292681954678,83.6520094644912,172.002690182828,0.000127324678180982,-1.74183956837112,5.85168956218989e-06,0.298988195649411,3.8950874128498
"FBtr0330054",2450.22536832893,3128.02439048049,3367.42241003834,1732.3176356026,1662.88329232362,1063.50194614008,0.000122661138729625,-1.01067816361372,5.59608755028861e-06,0.49631289246639,3.91129300783949
"FBtr0330118",212.482351886522,219.721610566055,221.075669239023,72.2191780996511,65.4506524241747,67.1217226064703,1.34397371087139e-17,-1.68060622807474,9.44076960585605e-20,0.311951526001943,16.8716092263232
"FBtr0330145",234.950280180061,75.4898777987561,56.6558929330537,342.279291450594,569.675024784503,641.794913516468,0.00495150294326509,2.08587901986895,0.000371772885004595,4.24533681950651,2.30526295846124
"FBtr0330159",574.6793444541,653.82668144411,502.136643399267,195.564666314222,241.471358212985,206.953738321069,6.53169335807263e-14,-1.43371197726148,6.91399913257989e-16,0.370177220099212,13.1849742121814
"FBtr0330263",276.496131354871,331.814681640224,99.9378715641326,14.872103147159,61.9590637868424,57.3152341773506,0.00705015505229566,-2.41555814947012,0.000561582927293531,0.187432345856215,2.15180133157372
"FBtr0330306",4.08513649355407,5.00432368441808,5.07993731841679,29.9276558101676,28.7852577444929,23.268982055766,0.000518916725459154,2.50798515329698,2.88516323830504e-05,5.68825110453828,3.28490233112131
"FBtr0330617",139.296810514126,129.295345252448,127.979008804948,656.39645661338,666.701515300214,551.24517807617,4.70498504927824e-44,2.23906056432278,6.859487812069e-47,4.72089555233109,43.3274417522636
"FBtr0330631",58.9914369144621,66.1600899325071,77.7111059646566,153.695045518019,188.343662330883,120.913638106678,0.000682123262531464,1.19412089113086,3.91915751235772e-05,2.28805366662471,3.16613713941948
"FBtr0330722",400.976933711823,385.034282155887,400.785985593721,176.875330640101,233.824748476131,126.784131009753,0.000195436505891514,-1.14683865546389,9.58403010998811e-06,0.451613758706975,3.70899431049225
"FBtr0330725",584.181076418926,692.465683250044,613.699324615203,387.67446018411,306.748393810692,245.96051830768,2.52646924526266e-05,-1.01437417392932,9.66052189871806e-07,0.495043026141991,4.59748598406498
"FBtr0330730",1377.81242679079,1982.36184859256,1475.7139447295,643.763883454003,514.941732421186,351.004529975027,1.17768920461413e-08,-1.68651551781835,2.39596146995718e-10,0.310676383483498,7.92896930592403
"FBtr0331308",1.54537386047315,5.03689745306653,5.11386334343852,34.0921923678197,23.5724348627251,31.8613033442125,0.000798450064869583,2.99263761254279,4.65101131226219e-05,7.95927824949784,3.09775223948757
"FBtr0331931",34.2064262053955,39.0221816916556,42.0071883486178,13.0837029905852,6.13290105462164,5.25111257405385,0.00137147939654005,-2.25529455680625,8.55243281739027e-05,0.209454014819361,2.86281071232936
"FBtr0331952",68.2690935989703,64.0479955410385,78.1331186122785,6.79310072458921,6.22431877051776,5.31711352140972,1.31586827097381e-13,-3.62660155645821,1.41266176207924e-15,0.0809625445779472,12.8807875849262
"FBtr0332038",68.2890895040231,55.1934614726413,77.0115170969818,131.135459449452,149.35057980097,146.493158589902,0.000139516135648927,1.08813408791387,6.56437748911453e-06,2.12598893460043,3.85537556143666
"FBtr0332042",746.526448245341,871.402696714665,686.613024945228,353.87478610237,325.223603210408,369.905590283899,4.65140941133387e-13,-1.14280917322887,5.29030482445125e-15,0.452876890043909,12.3324154327401
"FBtr0332057",13546.0892477802,16193.4333059645,12474.5927396715,6264.85115592574,6238.3208921645,4078.27278818953,1.52454002406452e-10,-1.35423549436296,2.46512767310631e-12,0.39114203866053,9.81686116952609
"FBtr0332116",58.3126883901581,49.0427538223695,55.9634868039718,3.98834549787072,13.4647873394227,5.20427417567093,7.81143240009793e-05,-2.95295932727209,3.38547169626511e-06,0.129142939231047,4.10726932125477
"FBtr0332122",413.84988655139,439.712896816924,378.785248689084,169.816788858082,196.621607848359,251.216032452519,2.19160430050365e-05,-1.00362941994353,8.27931293732898e-07,0.498743719788115,4.65923785603657
"FBtr0332125",59.7331539363545,68.3713420331421,44.8354122562711,112.585921821815,106.535592622154,179.498934605637,0.00918106695984813,1.20935701440973,0.000765393123624185,2.31234556351275,2.03710684517694
"FBtr0332202",231.665308684487,299.007734325512,401.516195902173,1455.15873611784,1258.11881985861,1266.29112472321,4.63657714305867e-18,2.08967857619095,3.01116341961398e-20,4.25653229427869,17.3338025100585
"FBtr0332203",1700.02610436255,1927.47244294791,1449.38382800223,622.926875825961,713.405779661638,587.84983720026,1.08913849913724e-17,-1.40542640111227,7.57849850294302e-20,0.377506554543188,16.9629168901373
"FBtr0332260",1103.75081236053,1246.98553268676,1299.66057967607,418.423017118881,337.75460873478,269.050976885671,2.92531970586472e-19,-1.8394509559368,1.7253376661495e-21,0.279428105777117,18.5338266632894
"FBtr0332403",1505.36504837451,921.656032337682,1418.24993455539,2225.05172406325,3164.59888531969,2972.83670293433,3.22955087181641e-05,1.11790833955645,1.26271372721781e-06,2.17032084983194,4.49085787006954
"FBtr0332405",1435.39752725395,1714.97058924245,1126.87538235377,183.48797185442,400.749685141166,94.6801329891193,5.13776646259562e-06,-2.66410800200965,1.69556507513096e-07,0.157769692729435,5.28922564049613
"FBtr0332478",43.4565582248015,5.0259941091448,23.4675289625863,166.81628560787,247.093724988161,186.084632073194,0.000315918278366111,3.0708472585459,1.6365098614241e-05,8.40266669527327,3.50042524600402
"FBtr0332500",819.190778888808,895.097562796576,789.101127916799,414.696925133016,357.473444152578,418.102944409642,1.04258789779132e-16,-1.07914972912948,8.22186612572343e-19,0.473307691150482,15.9818873206069
"FBtr0332503",819.190778888808,895.097562796576,789.101127916799,414.696925133016,357.473444152578,418.102944409642,1.04258789779132e-16,-1.07914972912948,8.22186612572343e-19,0.473307691150482,15.9818873206069
"FBtr0332604",45.0451442986246,25.6618869330817,9.2698601037291,211.510777557727,259.07674588962,258.686226933347,2.98492487720017e-07,3.21790345429271,7.87276408963332e-09,9.30433766169171,6.52506659446023
"FBtr0332720",14.1090258199291,5.73820152936213,5.82917202693544,33.873431078384,39.5044045875457,43.7695513384578,0.00407025539528002,2.25504636387825,0.000294007844987092,4.77349637547429,2.39037833935441
"FBtr0332911",30.8825127617643,6.84938850419229,45.1752906154215,135.582885320226,164.910706943336,136.454246602758,0.00432294394069459,2.43834746299439,0.000315140893786475,5.42020517120009,2.36422039629722
"FBtr0332912",3.35668436483123,2.80201141552345,2.8584353780635,31.4391721795624,51.8118075145444,14.1659278120365,0.000553660330859858,3.77195546343263,3.10402014517853e-05,13.6606617137125,3.25675659208467
"FBtr0332930",217.616190766751,271.880198733122,202.617601229273,52.1872519795121,47.5511354172469,34.2373506976938,3.2448009412549e-15,-2.38349171027005,2.90290342656999e-17,0.191645003422659,14.4888119407022
"FBtr0332960",35.6429217812975,15.9892281403471,16.1951929469585,66.3949698657919,82.3927794394556,74.5288677893541,0.00265597857489846,1.72280415801182,0.000180585421991108,3.30077353246966,2.57577543263267
"FBtr0332963",73.3465683344872,93.6698586198272,89.145728092432,248.199571663624,218.790994059254,238.60825327398,7.52880796039298e-12,1.46051223438083,1.00783247713677e-13,2.7520605924508,11.1232737804002
"FBtr0333020",643.469532711989,653.621377547351,1062.66883031806,238.262930169342,62.6598094708975,60.8333305273193,0.000100084712410563,-2.71856601456666,4.47031783729088e-06,0.151925293640582,3.99963225441653
"FBtr0333058",0.00199846085289668,4.61120691777688,4.68253021121607,33.6199286309359,29.030140188361,21.4914928841405,0.00251796019065625,3.36759767104063,0.000169198915395986,10.3216210988811,2.59895114043745
"FBtr0333071",297.533323806473,443.126726792814,304.56684585987,935.550750897304,750.074344141755,694.340400289039,5.64991573867201e-06,1.18244272038524,1.89079353746147e-07,2.26960733830082,5.24795802908369
"FBtr0333073",274.508734759622,255.335582218042,274.2532351134,558.996134088927,585.406205648847,531.813738020547,4.80544252335955e-18,1.05693557358696,3.1754898972784e-20,2.08050762176853,17.3182666128645
"FBtr0333326",9.61216666625548,12.5558113320593,12.7148999599486,54.0956129175663,37.6950093879488,46.9200952339049,0.000153196107411889,2.0467065436198,7.28925149912103e-06,4.13161705938399,3.81475226963171
"FBtr0333625",198.286381149227,141.053733979161,235.530512142144,61.3377596231833,105.676161599286,42.7887872840577,0.00870445793500308,-1.46840700521361,0.000721045223244125,0.361381108397584,2.06025826913792
"FBtr0333659",35.4761321876236,119.883090048465,86.7170741285642,383.050097238398,315.259930223143,180.905266400527,0.00541390426088429,1.85810517756841,0.00041438432215516,3.62531204149875,2.26648942853177
"FBtr0333662",586.176993367156,712.891738048426,561.062425423396,148.028568711335,107.555760960457,117.084463061743,5.04573326069911e-28,-2.33151427035834,1.60500461572934e-30,0.198675479248731,27.2970757118978
"FBtr0333671",26.2977176083048,24.0049055029243,33.0257242172316,9.50708792801371,5.70654619782304,4.82005043023897,0.00485342747487338,-2.19499682444252,0.000363122572507094,0.218393704691299,2.31395145568602
"FBtr0333852",62.9921518496863,12.9434359521515,22.6089619091609,124.635626925019,149.131171819657,207.043902376125,0.00441221388988994,2.30176044317641,0.000323679309218566,4.93059051850919,2.35534344252664
"FBtr0333860",9.81740923984288,2.31942631132144,2.37727265874075,42.3694584243782,60.5633733315064,48.3272476070729,4.18945397739138e-05,3.52326010172452,1.68799736133463e-06,11.4975941126857,4.377842576093
"FBtr0334067",48.2299911111895,34.1743907508135,86.7515810418054,9.75633716669394,3.12163671643686,2.24692612097454,0.000172343120174726,-3.59408014291903,8.29165707401267e-06,0.082808338364934,3.76360604866328
"FBtr0334078",36.7081899304308,45.8873199147913,28.1896879597622,120.862118178639,91.2962113542862,126.390832435988,3.56423144232875e-05,1.6090603963994,1.40537952828735e-06,3.05053101003105,4.44803410293405
"FBtr0334282",137.180630326854,152.224292479653,154.634773540524,28.1734725498905,18.4782498453917,20.2059737817076,4.27157312834356e-18,-2.7503300389073,2.74580910171853e-20,0.148616887064075,17.3694121542163
"FBtr0334327",191.357579663302,164.962361427811,153.472473638988,26.2843259755912,48.70707071351,57.9584437067177,3.17148821938868e-06,-1.94980993924595,9.98314714519299e-08,0.258850329676266,5.49873689746658
"FBtr0334328",1698.76529884299,1759.96708454908,1863.34879926395,668.099735521668,634.757372728311,637.308243385564,3.04076097555702e-72,-1.46141651042823,1.41055843796548e-75,0.363136408676652,71.517017717007
"FBtr0334404",898.472689013445,725.621318562178,519.758344420571,1470.02054980179,1754.44899496103,2043.21792458878,1.94988807553409e-06,1.29352086168158,5.9569145316184e-08,2.45125549017285,5.70999031662362
"FBtr0334553",384.152598162104,475.277058043007,301.162357453702,190.581113576711,218.610783020255,172.319247969025,0.000474272733600535,-1.00440756878855,2.59294238051983e-05,0.498474784085761,3.32397184264144
"FBtr0334633",16.1681827707572,12.8449172232516,14.7510603011295,34.0625334800425,43.2814783334646,42.3524381541208,0.00791692184845968,1.48419309711306,0.000645858025020501,2.79760658528797,2.1014436421577
"FBtr0334762",3376.14706325923,1472.96334268514,3219.90586143307,719.659144022832,1017.13788357841,947.893256314466,2.92366454703317e-05,-1.5914918349796,1.12761614736468e-06,0.331828145440357,4.53407245857118
"FBtr0334778",42.5481099135209,7.22170279068704,7.34487813765554,105.347729623543,142.087975399419,160.745376989421,0.00484591582028866,2.86077117839254,0.000362239433087184,7.26403512320255,2.31462413437962
"FBtr0334867",795.374319152279,698.480262813933,803.573329672135,83.128391850357,89.77629328088,163.990304506098,3.84349335518803e-17,-2.78195825741428,2.90363315103668e-19,0.145394211933217,16.4152738654228
"FBtr0334883",20.4039356558381,27.7126843586961,20.876043623253,56.1326704701552,73.1087759579277,46.3954341061665,0.00845597741803511,1.37091800814542,0.000697099795098454,2.58635087101174,2.07283618549673
"FBtr0335013",119.935913939864,141.508317888155,147.296872867928,38.1928982872584,15.8089818725251,14.0390901926753,2.57988920004209e-06,-2.61057451722628,8.03544018568445e-08,0.163733959542534,5.58839894552654
"FBtr0335024",4093.00217590766,4878.33579456082,2782.65082626324,399.672555829662,746.977591356036,538.745153928567,5.85359542726652e-18,-2.80756871255527,3.91791344038382e-20,0.142835974671236,17.2325772972383
"FBtr0335180",371.517147519164,213.818717436299,357.310228331145,1111.84179354384,1314.5930811879,1057.1414930456,2.5653180108942e-12,1.88342360155892,3.21302255837644e-14,3.68949561578575,11.5908587896883
"FBtr0335206",46.7797797409166,78.6575650174777,34.8074974559177,8.60877079333216,3.29577507111038,2.41778584069231,5.32966240154415e-05,-3.60971093771089,2.20391606266637e-06,0.0819159990086012,4.27330029975204
"FBtr0335278",293.277250613336,516.858392790194,281.396397077184,1156.90710659678,971.437112297996,986.598055658328,1.54786638739386e-06,1.50711300103088,4.62616130360922e-08,2.84240671297539,5.81026653055361
"FBtr0335414",189.98923052484,83.7168257983986,85.5067104446791,307.136804799906,438.602957589958,292.555375341932,0.00273555021170337,1.53062251378924,0.000187264636758753,2.88910475256253,2.5629553092303
"FBtr0336616",431.17169753395,658.664692169964,484.27508849806,117.331583147234,22.44572402838,20.6742510893525,0.000122661138729625,-3.3141594056298,5.60063118520288e-06,0.100539936939239,3.91129300783949
"FBtr0336667",19.0536864873183,39.6334917059237,17.0015646274662,97.6657063810804,68.2129605505777,100.16526061497,0.00210724165042793,1.83443150590689,0.000138248458179168,3.56630849662333,2.67628565830282
"FBtr0336736",560.749156612028,642.166479496591,552.549498866246,251.456754843966,266.289206829715,211.91781468969,1.45857842864583e-14,-1.27486789181841,1.40154984859937e-16,0.413263000008359,13.836070213637
"FBtr0336759",529.422099784923,416.88916482551,564.738577027206,22.7613665575878,55.0929567138822,53.1845794683786,6.14537812844242e-18,-3.54100747524521,4.15393352618374e-20,0.0859113483271601,17.2114513895808
"FBtr0336942",15.4457814666353,11.0141635183402,11.1776880684584,136.113055384258,215.29364570551,78.4332455664308,1.04865184239868e-08,3.52636236200709,2.11954149722729e-10,11.5223442542476,7.97936867579345
"FBtr0337020",77.347493416485,95.130469934636,96.1878476110083,1063.68043274274,1164.75221103761,934.881509944568,8.49664904316404e-89,3.55993161746804,2.25225952105077e-92,11.7935947186064,88.0707523200505
"FBtr0337056",788.164853140272,890.04507474127,560.896301652219,30.8777677029883,82.3863437249207,80.4396820353818,3.32453601399364e-14,-3.54766755133907,3.32673915250524e-16,0.0855156600976046,13.4782689580671
"FBtr0339081",97.7515185934132,67.5559209806531,66.3197352115115,13.4393426794801,25.0015509124236,24.0082501451928,0.000294646940160902,-1.8904534953883,1.51131034913544e-05,0.269722261559804,3.53069806459135
"FBtr0339234",330.918581029948,430.84318584577,318.18924758947,217.061217792501,157.476294027386,158.946240501079,0.000199997293357709,-1.02536053134881,9.82094064798295e-06,0.491287510549104,3.69897588177485
"FBtr0339391",48.5371737818276,61.5096788559098,37.320468343738,246.226954815653,120.891724846975,346.357176325871,5.10046574068423e-05,2.28164453882186,2.09899882370106e-06,4.86231897336912,4.29239016520129
"FBtr0339407",153.698394760438,179.816540656774,175.430085550711,50.8026566929866,55.2645695487124,41.9679314736273,4.42909813466855e-12,-1.79262295722184,5.72348665513829e-14,0.288646781244228,11.35368469703
"FBtr0339443",7.10303422513181,15.5591789465982,15.7551181968346,77.7134019310016,85.2159222118057,33.8822207237302,0.00180338929176311,2.39094694988508,0.000116043141305632,5.24501518604348,2.74391051342443
"FBtr0339593",28333.0107429902,28398.0062410372,11511.8193367497,9705.84259346297,10569.3147792887,11433.126445329,0.00525561341188847,-1.11087708168046,0.000398155812323674,0.463012458469955,2.27937658775161
"FBtr0339629",74.0206924764955,64.7254593746562,92.4242410655212,183.996143936291,174.894525295073,205.859164080378,8.55117118343463e-07,1.29350865778705,2.46504934711336e-08,2.45123475485727,6.06797439946255
"FBtr0339643",4043.3022189133,4994.27723259363,4991.13149501413,2341.60091882635,1546.33520611277,1462.18448914152,7.11520906028214e-10,-1.39750473036656,1.24952312854524e-11,0.379585100450952,9.14781233487793
"FBtr0339682",2.31594839548045,1.79761665549975,1.83849398997996,22.9006180732626,34.3834791499804,14.1106632639023,0.000304295034759168,4.12357460159054,1.56886373123017e-05,17.4308932997432,3.51670513405093
"FBtr0339696",99.2183044571168,189.820859549584,127.567502444237,416.47375820357,337.274044142388,233.9946083389,0.00572691659839738,1.24188238948595,0.000443225314899747,2.36506918888683,2.2420791415103
"FBtr0339741",0.117940109108112,2.48274944396952,2.52669924909547,21.1403581765048,19.1345370778419,16.3385402484731,0.00109955510352343,3.80029145042261,6.6381358469837e-05,13.9316231676617,2.95878300135867
"FBtr0340135",1057.73801210261,1255.02188929522,923.367010217007,2209.53144781547,2125.83373761373,2562.89500503387,6.20455038691264e-11,1.08704395359001,9.66248734873738e-13,2.12438309411235,10.2072896841987
"FBtr0340190",269.753055197053,78.2823283079396,353.532098449172,831.667292717457,982.706566321794,1027.41115514314,0.00100311394322915,2.01793859945184,6.00937710191616e-05,4.05004685729152,2.99864973287681
"FBtr0340240",289.845077657357,314.340535054704,316.79409937485,2086.08966938605,2360.55432671083,1764.40402682283,4.76464335266778e-70,2.75055166649432,2.84173559801259e-73,6.7297441905516,69.3219696020068
"FBtr0340289",205.725700042256,238.834579239377,198.921504991696,63.1672270295688,75.8295854583405,73.9173848438261,3.49984293507572e-12,-1.60914444775421,4.42988734658358e-14,0.32779268214267,11.4559514453527
"FBtr0340709",175.197481009873,127.381551312258,161.76122219614,38.7977007913424,63.0583880950794,65.7677485291271,9.4895790964649e-05,-1.48583165488256,4.2071096193075e-06,0.357042655063766,4.02275304996855
"FBtr0342607",29.0204698097917,30.2507998079411,32.4132339424607,113.665601240442,109.369006282382,121.755649489201,3.96073562462496e-11,1.92787800165085,5.95816425970753e-13,3.80495133433907,10.4022241453762
"FBtr0342806",448.737620489962,79.271553807734,93.2675815795989,1949.30858558094,2934.78897363185,2094.92210730613,0.00125653005072455,3.49143735400057,7.76217342856979e-05,11.2467585475565,2.90082712051527
"FBtr0342810",219.4795107981,250.246946547064,246.582194627062,1723.73004946914,1882.81497164304,1434.60925534177,2.88686083427109e-69,2.81156667499532,1.91309531760841e-72,7.02046541118215,68.5395741514726
"FBtr0342811",7286.81636838486,8629.73798478927,7333.99817398497,892.955851071597,511.770437299153,509.193191861102,3.63486574235501e-43,-3.6109067438659,5.54021948801625e-46,0.081848129453351,42.4395116256388
"FBtr0342813",230.403471148119,56.1636576873044,56.811445855846,1088.58484289834,1592.67786534973,1120.90791927034,3.00445765109396e-07,3.47064923199309,7.94419219871763e-09,11.0858634088047,6.52223391314378
"FBtr0342814",541.828495883736,100.430478397493,208.077802562495,1982.21418022598,2684.72511311116,2467.50896686718,0.000653968396036746,3.06991803336583,3.74005782491525e-05,8.39725636580324,3.18444323907404
"FBtr0342815",499.055675917617,595.66656762174,347.881001330796,65.3647376724497,33.818755187041,183.988134710878,0.00252139457880707,-2.35895631942067,0.000169763876213915,0.19493211253678,2.59835918526788
"FBtr0342818",133.814214942191,268.572323823359,278.785641991584,1396.10372187066,966.016488170343,1549.74739008777,1.47814672146612e-11,2.51936113589608,2.10604072309619e-13,5.73328157880919,10.8302824555484
"FBtr0342893",113.386809933072,153.104505944957,126.989194356146,334.258488885398,259.177023999039,235.050284529372,0.00014055891585859,1.07032280122601,6.62275607524571e-06,2.09990316541452,3.8521416012456
"FBtr0343095",21.0064888971126,23.9085673957676,25.8809477094628,3.51792778112663,1.15628970196554,1.15091476930953,0.000100084712410563,-3.793749454132,4.46543332242204e-06,0.0721053714199893,3.99963225441653
"FBtr0343358",213.763127254227,245.564843215933,262.099283410172,82.1046887839839,67.0430140169781,33.0190018403391,3.46460009062342e-06,-1.99707905799728,1.09976371332579e-07,0.250506673421688,5.46034688759149
"FBtr0343424",196.175334038549,210.942874505464,205.152754424973,105.995881574801,92.1590098831036,84.9886741502154,9.90490803208625e-08,-1.11968309360261,2.36956381682116e-09,0.460194901900234,7.00414955256793
"FBtr0343504",18.3106172542142,16.5021935232892,16.6446763932436,0.617246107108162,1.9203633601515,1.9144665726049,0.000253326694317004,-4.64977201430498,1.27586671756741e-05,0.0398363143451528,3.59631904398863
"FBtr0343527",27.1988356866276,20.3015189188801,17.0567279835322,59.9538660716634,83.6875789125727,60.1830094960725,0.000620188189755125,1.67535034185097,3.52220860583262e-05,3.19396906980932,3.20747650829059
"FBtr0344179",198.858544035969,238.433560685269,183.971117473454,85.2469061918366,64.3687223879244,93.3716405503515,1.97031522437298e-06,-1.36125544754608,6.03237663128109e-08,0.389243418920093,5.70546428690742
"FBtr0344860",9.43827269128312,4.91678415878142,5.00347448451189,48.6029424005467,40.0023938213845,69.7111365398914,4.25654442603587e-06,3.20111138285464,1.38499888216276e-07,9.19666878303102,5.3709428294673
"FBtr0344978",80.9021906913505,135.858234409267,89.2827254785437,298.663789598862,364.135804049988,155.027338122522,0.00791692184845968,1.41859315260165,0.000646364991206251,2.67324701513852,2.1014436421577
"FBtr0344980",1721.45618693132,2294.84135845992,1981.06686689547,985.076596157225,752.419608596888,668.559946294822,2.87487156676229e-10,-1.32453014809672,4.87718436773457e-12,0.399279207869552,9.54138155239777
"FBtr0344989",46.4484822218563,48.9421346451955,29.5369932480163,83.7014750145123,124.090038829456,89.4874033814179,0.00782151108862421,1.24998492050741,0.000635465380692729,2.37838937021781,2.10670933465706
"FBtr0345070",91.234154275473,60.0601479577555,24.7130981647151,366.928352707767,499.4088757181,381.840559649929,2.96552252331864e-07,2.82861778011481,7.8019379838138e-09,7.10393203975592,6.52789877312589
"FBtr0345142",2978.86354773204,2825.64194153096,2734.45331914007,1374.18353684037,1574.21152430919,1224.08308452959,4.54998797565674e-17,-1.03828925480703,3.46751900066617e-19,0.486904502004504,16.34198975106
"FBtr0345204",420.247501653907,482.914653594766,317.973849337038,205.200979161081,234.973762844522,155.635605965421,0.000860948083780521,-1.0415898742619,5.0435924855002e-05,0.485791827829229,3.06502303624371
"FBtr0345429",60.6780283308019,51.4455978448528,45.8816044031305,110.222257652,124.780878109733,126.331015107861,5.52045252936521e-05,1.19642604481943,2.30110314179636e-06,2.29171246569431,4.25802532028695
"FBtr0345487",136.3774219133,143.142511005098,107.020398545486,40.7474813923121,60.7793234980184,37.0390733684625,8.79589632223801e-05,-1.49626521933759,3.87042754007027e-06,0.354469838599684,4.05571989833641
"FBtr0346541",0.00191603721672173,4.37081495405529,4.43843160484557,30.8935562693311,27.7690737924434,19.3240740678301,0.00541010563345762,3.24048915666879,0.000413420163360492,9.45114523054175,2.26679425511896
"FBtr0346627",56.6915288286172,44.5386305776766,45.9377169455672,259.214147326881,388.929461742975,118.974615080072,3.69277267883323e-05,2.39552343889693,1.46340494495843e-06,5.26167973821418,4.43264742599834
"FBtr0346632",68.8453254729327,60.2365005259878,62.6910588891978,25.8163357859762,35.6273121040437,22.7183392298359,0.00704882294274188,-1.21841194800864,0.000561009698756329,0.429755512952781,2.15188339820726
"FBtr0346713",573.11591826468,157.371575191684,164.210113925053,742.308520571621,1378.78713582862,1361.39258143041,0.00498335741795837,1.96018034145608,0.00037482509406115,3.89110615986148,2.3024779631038
"FBtr0346714",195.027694738139,135.419905024952,136.895016717518,725.524313041485,618.85080011759,806.146808948381,9.97887542954922e-22,2.19969089332943,5.35645400790912e-24,4.59380906146852,21.0009183988189
"FBtr0346957",58.9914369144621,66.1600899325071,77.7111059646566,153.695045518019,188.343662330883,120.913638106678,0.000682123262531464,1.19412089113086,3.91915751235772e-05,2.28805366662471,3.16613713941948
"FBtr0347200",217.648208300828,225.824876483965,239.257901670196,590.101742898549,499.614363779467,574.49076702455,2.95560519014487e-19,1.28436652704992,1.76278639571264e-21,2.43575077872623,18.5293535794765
"FBtr0347553",88.9375983189279,83.6959194811558,82.6850445055248,27.8345222384565,41.6221373419945,32.3568080529228,0.000232090310195617,-1.35084109117085,1.1519923282738e-05,0.392063409349085,3.6343429910237
"FBtr0347567",249.200051642854,228.537265171525,336.014703823447,1449.14614756825,1476.76233882296,1433.16459230967,6.12257280278235e-42,2.41956655767193,1.13606387327969e-44,5.35010259643315,41.2130660420287
"FBtr0347568",22.1144969786275,15.0631772940036,20.5746881723452,76.7815290442921,76.7370227575528,96.840247622323,1.50757056664138e-07,2.12066570971869,3.81638142118627e-09,4.34894574215429,6.82172235017574
"FBtr0472696",286.438838764771,218.010121073857,131.326762929351,797.18024153393,778.893883257534,1199.25299513529,3.30535732079733e-08,2.122960160636,7.38174564021671e-10,4.35586777438638,7.48078158487354
